start	end	type	var
24538	40275	CALLS	
24538	91663	CALLS	
106360	110237	CALLS	
106360	119895	CALLS	
106360	100122	CALLS	
106360	119333	CALLS	
106360	101855	CALLS	
106360	2003	CALLS	
106360	101412	CALLS	
106360	115034	CALLS	
106360	114219	CALLS	
106360	107378	CALLS	
106360	9292	CALLS	
106360	4102	CALLS	
106360	123800	CALLS	
106360	110594	CALLS	
106360	14064	CALLS	
106360	11439	CALLS	
106360	106378	CALLS	
85631	40275	CALLS	
85631	91663	CALLS	
68151	38128	CALLS	
68151	70669	CALLS	
20307	72520	CALLS	
20307	81244	CALLS	
32579	40275	CALLS	
32579	91663	CALLS	
65513	91908	CALLS	
65513	40520	CALLS	
52670	91663	CALLS	
52670	40275	CALLS	
106360	110237	CALLS	
106360	119895	CALLS	
106360	100122	CALLS	
106360	119333	CALLS	
106360	101855	CALLS	
106360	2003	CALLS	
106360	101412	CALLS	
106360	115034	CALLS	
106360	114219	CALLS	
106360	107378	CALLS	
106360	9292	CALLS	
106360	4102	CALLS	
106360	123800	CALLS	
106360	110594	CALLS	
106360	14064	CALLS	
106360	11439	CALLS	
106360	106378	CALLS	
20307	40275	CALLS	
20307	91663	CALLS	
35610	43020	CALLS	
35610	94408	CALLS	
57317	91663	CALLS	
57317	40275	CALLS	
110594	116587	CALLS	
40579	91663	CALLS	
40579	40275	CALLS	
76903	87249	CALLS	
76903	78521	CALLS	
85631	40275	CALLS	
85631	91663	CALLS	
4102	116587	CALLS	
76903	89022	CALLS	
76903	80294	CALLS	
20307	40360	CALLS	
20307	91748	CALLS	
52670	91663	CALLS	
52670	40275	CALLS	
28646	40275	CALLS	
28646	91663	CALLS	
68151	91663	CALLS	
68151	40275	CALLS	
35610	40275	CALLS	
35610	91663	CALLS	
90135	91663	CALLS	
90135	40275	CALLS	
110594	117228	CALLS	
52670	91908	CALLS	
52670	40520	CALLS	
20307	40495	CALLS	
20307	91883	CALLS	
68151	91908	CALLS	
68151	40520	CALLS	
4102	117228	CALLS	
122372	118237	CALLS	
65513	32203	CALLS	
65513	64744	CALLS	
76903	91883	CALLS	
76903	40495	CALLS	
110594	117246	CALLS	
20307	60415	CALLS	
20307	21073	CALLS	
24538	40275	CALLS	
24538	91663	CALLS	
4102	117264	CALLS	
40579	91663	CALLS	
40579	40275	CALLS	
76903	91663	CALLS	
76903	40275	CALLS	
85631	40275	CALLS	
85631	91663	CALLS	
52670	91663	CALLS	
52670	40275	CALLS	
110594	116587	CALLS	
85631	40520	CALLS	
85631	91908	CALLS	
4102	116587	CALLS	
90135	91663	CALLS	
90135	40275	CALLS	
32579	65120	CALLS	
35610	70274	CALLS	
35610	37733	CALLS	
44404	98828	CALLS	
44404	47632	CALLS	
76903	91663	CALLS	
76903	40275	CALLS	
20307	40275	CALLS	
20307	91663	CALLS	
32579	40275	CALLS	
32579	91663	CALLS	
49217	91663	CALLS	
49217	40275	CALLS	
76903	91708	CALLS	
76903	40320	CALLS	
32579	40275	CALLS	
32579	91663	CALLS	
76903	94528	CALLS	
76903	43140	CALLS	
20307	40275	CALLS	
20307	91663	CALLS	
32579	43140	CALLS	
32579	94528	CALLS	
49217	91708	CALLS	
49217	40320	CALLS	
16462	40275	CALLS	
16462	91663	CALLS	
40579	91807	CALLS	
40579	40419	CALLS	
49217	94528	CALLS	
49217	43140	CALLS	
85631	40320	CALLS	
85631	91708	CALLS	
16462	40320	CALLS	
16462	91708	CALLS	
28646	61334	CALLS	
28646	28793	CALLS	
20307	75141	CALLS	
20307	83865	CALLS	
35610	43020	CALLS	
35610	94408	CALLS	
44404	98828	CALLS	
44404	47632	CALLS	
49217	22070	CALLS	
49217	49464	CALLS	
16462	43140	CALLS	
16462	94528	CALLS	
57317	21073	CALLS	
57317	60415	CALLS	
76903	91663	CALLS	
76903	40275	CALLS	
20307	75165	CALLS	
20307	83889	CALLS	
4076	110237	CALLS	
4076	119895	CALLS	
4076	100122	CALLS	
4076	114219	CALLS	
4076	106378	CALLS	
4076	119333	CALLS	
4076	101855	CALLS	
4076	107378	CALLS	
4076	2003	CALLS	
4076	9292	CALLS	
4076	101412	CALLS	
4076	123800	CALLS	
4076	115034	CALLS	
4076	110594	CALLS	
4076	14064	CALLS	
4076	11439	CALLS	
4076	4102	CALLS	
52670	91663	CALLS	
52670	40275	CALLS	
12375	116620	CALLS	
16462	40275	CALLS	
16462	91663	CALLS	
110533	110237	CALLS	
110533	119895	CALLS	
110533	100122	CALLS	
110533	114219	CALLS	
110533	106378	CALLS	
110533	119333	CALLS	
110533	101855	CALLS	
110533	107378	CALLS	
110533	2003	CALLS	
110533	9292	CALLS	
110533	101412	CALLS	
110533	4102	CALLS	
110533	123800	CALLS	
110533	115034	CALLS	
110533	14064	CALLS	
110533	11439	CALLS	
110533	110594	CALLS	
28793	40275	CALLS	
28793	91663	CALLS	
76903	91908	CALLS	
76903	40520	CALLS	
16462	40320	CALLS	
16462	91708	CALLS	
20307	75153	CALLS	
20307	83877	CALLS	
57317	21073	CALLS	
57317	60415	CALLS	
40579	91663	CALLS	
40579	40275	CALLS	
16462	43140	CALLS	
16462	94528	CALLS	
85631	40275	CALLS	
85631	91663	CALLS	
68151	94408	CALLS	
68151	43020	CALLS	
61334	29738	CALLS	
61334	62279	CALLS	
16462	40275	CALLS	
16462	91663	CALLS	
68151	94408	CALLS	
68151	43020	CALLS	
85631	40520	CALLS	
85631	91908	CALLS	
28793	62279	CALLS	
28793	29738	CALLS	
57317	20307	CALLS	
57317	59649	CALLS	
68151	94408	CALLS	
68151	43020	CALLS	
49217	21994	CALLS	
49217	49388	CALLS	
35610	43020	CALLS	
35610	94408	CALLS	
52670	91663	CALLS	
52670	40275	CALLS	
16462	40275	CALLS	
16462	91663	CALLS	
68151	94336	CALLS	
68151	42948	CALLS	
32579	40275	CALLS	
32579	91663	CALLS	
61334	91663	CALLS	
61334	40275	CALLS	
76903	91663	CALLS	
76903	40275	CALLS	
85631	40320	CALLS	
85631	91708	CALLS	
52670	91663	CALLS	
52670	40275	CALLS	
68151	94298	CALLS	
68151	42910	CALLS	
57317	91663	CALLS	
57317	40275	CALLS	
40579	91663	CALLS	
40579	40275	CALLS	
32579	40275	CALLS	
32579	91663	CALLS	
90135	91663	CALLS	
90135	40275	CALLS	
44404	98828	CALLS	
44404	47632	CALLS	
52670	91908	CALLS	
52670	40520	CALLS	
12375	116697	CALLS	
68151	91663	CALLS	
68151	40275	CALLS	
57527	91663	CALLS	
57527	40275	CALLS	
81829	40275	CALLS	
81829	91663	CALLS	
32579	40275	CALLS	
32579	91663	CALLS	
85631	40520	CALLS	
85631	91908	CALLS	
49339	91663	CALLS	
49339	40275	CALLS	
85631	40275	CALLS	
85631	91663	CALLS	
106676	116587	CALLS	
35610	40275	CALLS	
35610	91663	CALLS	
40579	91663	CALLS	
40579	40275	CALLS	
49339	91708	CALLS	
49339	40320	CALLS	
49339	94528	CALLS	
49339	43140	CALLS	
106676	116883	CALLS	
35610	40275	CALLS	
35610	91663	CALLS	
16462	40275	CALLS	
16462	91663	CALLS	
90135	91663	CALLS	
90135	40275	CALLS	
44404	95542	CALLS	
44404	44346	CALLS	
76903	91663	CALLS	
76903	40275	CALLS	
44404	98828	CALLS	
44404	47632	CALLS	
106676	116856	CALLS	
35610	70669	CALLS	
35610	38128	CALLS	
76903	91708	CALLS	
76903	40320	CALLS	
52670	91663	CALLS	
52670	40275	CALLS	
32972	40520	CALLS	
32972	91908	CALLS	
76903	94528	CALLS	
76903	43140	CALLS	
106676	116587	CALLS	
85631	40275	CALLS	
85631	91663	CALLS	
73105	91663	CALLS	
73105	40275	CALLS	
57527	91663	CALLS	
57527	40275	CALLS	
24807	49388	CALLS	
24807	21994	CALLS	
57527	91708	CALLS	
57527	40320	CALLS	
52670	91663	CALLS	
52670	40275	CALLS	
49388	91663	CALLS	
49388	40275	CALLS	
81829	42948	CALLS	
81829	94336	CALLS	
35610	40275	CALLS	
35610	91663	CALLS	
78080	91708	CALLS	
78080	40320	CALLS	
57527	94528	CALLS	
57527	43140	CALLS	
35610	40520	CALLS	
35610	91908	CALLS	
85631	40275	CALLS	
85631	91663	CALLS	
81829	42910	CALLS	
81829	94298	CALLS	
32972	64744	CALLS	
32972	32203	CALLS	
52670	91663	CALLS	
52670	40275	CALLS	
8443	116587	CALLS	
78080	91663	CALLS	
78080	40275	CALLS	
106664	122179	CALLS	
106664	124082	CALLS	
106664	100594	CALLS	
106664	10009	CALLS	
106664	14572	CALLS	
106664	9096	CALLS	
106664	3365	CALLS	
106664	6818	CALLS	
106664	115919	CALLS	
106664	6211	CALLS	
106664	5816	CALLS	
106664	106676	CALLS	
106664	109038	CALLS	
106664	101935	CALLS	
106664	4833	CALLS	
52670	91908	CALLS	
52670	40520	CALLS	
16462	40275	CALLS	
16462	91663	CALLS	
8443	117127	CALLS	
85631	40579	CALLS	
85631	91967	CALLS	
4076	116856	CALLS	
68151	91663	CALLS	
68151	40275	CALLS	
57527	91663	CALLS	
57527	40275	CALLS	
49425	91663	CALLS	
49425	40275	CALLS	
44404	98828	CALLS	
44404	47632	CALLS	
8443	117163	CALLS	
78080	91708	CALLS	
78080	40320	CALLS	
24807	40275	CALLS	
24807	91663	CALLS	
90135	91908	CALLS	
90135	40520	CALLS	
40579	91663	CALLS	
40579	40275	CALLS	
57527	91708	CALLS	
57527	40320	CALLS	
85631	40275	CALLS	
85631	91663	CALLS	
90135	91663	CALLS	
90135	40275	CALLS	
8443	116587	CALLS	
78080	91663	CALLS	
78080	40275	CALLS	
16462	40275	CALLS	
16462	91663	CALLS	
52670	91663	CALLS	
52670	40275	CALLS	
57527	94528	CALLS	
57527	43140	CALLS	
85631	40520	CALLS	
85631	91908	CALLS	
52670	91663	CALLS	
52670	40275	CALLS	
68151	35610	CALLS	
78080	91908	CALLS	
78080	40520	CALLS	
4076	116883	CALLS	
57527	91663	CALLS	
57527	40275	CALLS	
24807	40275	CALLS	
24807	91663	CALLS	
61334	29738	CALLS	
61334	62279	CALLS	
52670	91663	CALLS	
52670	40275	CALLS	
106664	122179	CALLS	
106664	124082	CALLS	
106664	100594	CALLS	
106664	10009	CALLS	
106664	14572	CALLS	
106664	9096	CALLS	
106664	3365	CALLS	
106664	6818	CALLS	
106664	115919	CALLS	
106664	6211	CALLS	
106664	5816	CALLS	
106664	106676	CALLS	
106664	109038	CALLS	
106664	101935	CALLS	
106664	4833	CALLS	
49464	91663	CALLS	
49464	40275	CALLS	
68151	91967	CALLS	
68151	40579	CALLS	
57527	21073	CALLS	
57527	60415	CALLS	
106664	122179	CALLS	
106664	124082	CALLS	
106664	100594	CALLS	
106664	10009	CALLS	
106664	14572	CALLS	
106664	9096	CALLS	
106664	3365	CALLS	
106664	6818	CALLS	
106664	115919	CALLS	
106664	6211	CALLS	
106664	5816	CALLS	
106664	106676	CALLS	
106664	109038	CALLS	
106664	101935	CALLS	
106664	4833	CALLS	
78080	91708	CALLS	
78080	40320	CALLS	
16462	40275	CALLS	
16462	91663	CALLS	
94563	43140	CALLS	
94563	94528	CALLS	
61334	91663	CALLS	
61334	40275	CALLS	
85631	40275	CALLS	
85631	91663	CALLS	
115034	116587	CALLS	
35610	43020	CALLS	
35610	94408	CALLS	
57527	91663	CALLS	
57527	40275	CALLS	
16462	40275	CALLS	
16462	91663	CALLS	
28793	62279	CALLS	
28793	29738	CALLS	
24807	40275	CALLS	
24807	91663	CALLS	
35610	43020	CALLS	
35610	94408	CALLS	
78080	91663	CALLS	
78080	40275	CALLS	
115034	117288	CALLS	
40579	91663	CALLS	
40579	40275	CALLS	
35610	43020	CALLS	
35610	94408	CALLS	
16462	61187	CALLS	
16462	28646	CALLS	
35610	42948	CALLS	
35610	94336	CALLS	
81829	42948	CALLS	
81829	94336	CALLS	
28793	40275	CALLS	
28793	91663	CALLS	
115034	117288	CALLS	
35610	42910	CALLS	
35610	94298	CALLS	
81829	42910	CALLS	
81829	94298	CALLS	
16462	40320	CALLS	
16462	91708	CALLS	
44404	98828	CALLS	
44404	47632	CALLS	
61334	91663	CALLS	
61334	40275	CALLS	
115034	116587	CALLS	
35610	40275	CALLS	
35610	91663	CALLS	
8431	8443	CALLS	
8431	121931	CALLS	
8431	103777	CALLS	
52670	91663	CALLS	
52670	40275	CALLS	
57527	91663	CALLS	
57527	40275	CALLS	
44404	94336	CALLS	
44404	42948	CALLS	
85631	40275	CALLS	
85631	91663	CALLS	
24984	55405	CALLS	
24984	28011	CALLS	
8431	8443	CALLS	
8431	121931	CALLS	
8431	103777	CALLS	
78080	91708	CALLS	
78080	40320	CALLS	
52670	91908	CALLS	
52670	40520	CALLS	
106878	116856	CALLS	
68151	94408	CALLS	
68151	43020	CALLS	
20706	40520	CALLS	
20706	91908	CALLS	
68151	94408	CALLS	
68151	43020	CALLS	
52670	22284	CALLS	
52670	49678	CALLS	
24984	52201	CALLS	
24984	24807	CALLS	
68151	94408	CALLS	
68151	43020	CALLS	
52670	91663	CALLS	
52670	40275	CALLS	
68151	94336	CALLS	
68151	42948	CALLS	
49464	21994	CALLS	
49464	49388	CALLS	
40579	91663	CALLS	
40579	40275	CALLS	
78080	91663	CALLS	
78080	40275	CALLS	
24984	49678	CALLS	
24984	22284	CALLS	
65730	94408	CALLS	
65730	43020	CALLS	
68151	94298	CALLS	
68151	42910	CALLS	
40579	91807	CALLS	
40579	40419	CALLS	
65730	94336	CALLS	
65730	42948	CALLS	
44404	98828	CALLS	
44404	47632	CALLS	
49464	21994	CALLS	
49464	49388	CALLS	
12661	116856	CALLS	
106949	116587	CALLS	
78080	91663	CALLS	
78080	40275	CALLS	
443	116732	CALLS	
115022	110237	CALLS	
115022	119895	CALLS	
115022	100122	CALLS	
115022	106378	CALLS	
115022	119333	CALLS	
115022	101855	CALLS	
115022	2003	CALLS	
115022	101412	CALLS	
115022	114219	CALLS	
115022	107378	CALLS	
115022	9292	CALLS	
115022	4102	CALLS	
115022	123800	CALLS	
115022	110594	CALLS	
115022	14064	CALLS	
115022	11439	CALLS	
115022	115034	CALLS	
24984	40520	CALLS	
24984	91908	CALLS	
85631	42394	CALLS	
85631	93782	CALLS	
78080	91708	CALLS	
78080	40320	CALLS	
24984	40275	CALLS	
24984	91663	CALLS	
44404	98828	CALLS	
44404	47632	CALLS	
49464	23825	CALLS	
49464	51219	CALLS	
24984	40275	CALLS	
24984	91663	CALLS	
85631	40275	CALLS	
85631	91663	CALLS	
78080	91663	CALLS	
78080	40275	CALLS	
111042	16462	CALLS	
111042	55804	CALLS	
12661	116856	CALLS	
35610	40275	CALLS	
35610	91663	CALLS	
106949	116587	CALLS	
78080	91908	CALLS	
78080	40520	CALLS	
65730	94408	CALLS	
65730	43020	CALLS	
111042	60486	CALLS	
111042	21144	CALLS	
111042	20706	CALLS	
111042	60048	CALLS	
16824	40275	CALLS	
16824	91663	CALLS	
57527	91663	CALLS	
57527	40275	CALLS	
40579	91663	CALLS	
40579	40275	CALLS	
24984	49678	CALLS	
24984	22284	CALLS	
78348	91663	CALLS	
78348	40275	CALLS	
85631	40275	CALLS	
85631	91663	CALLS	
98828	40275	CALLS	
98828	91663	CALLS	
52670	91663	CALLS	
52670	40275	CALLS	
65730	94374	CALLS	
65730	42986	CALLS	
40579	91663	CALLS	
40579	40275	CALLS	
57527	91663	CALLS	
57527	40275	CALLS	
52670	91908	CALLS	
52670	40520	CALLS	
78348	28646	CALLS	
78348	61187	CALLS	
44404	98828	CALLS	
44404	47632	CALLS	
111042	16824	CALLS	
111042	56166	CALLS	
65730	94298	CALLS	
65730	42910	CALLS	
16824	40275	CALLS	
16824	91663	CALLS	
35610	68151	CALLS	
68151	94408	CALLS	
68151	43020	CALLS	
16824	57317	CALLS	
16824	17975	CALLS	
40579	91708	CALLS	
40579	40320	CALLS	
65730	32579	CALLS	
65730	65120	CALLS	
57527	91663	CALLS	
57527	40275	CALLS	
85631	78521	CALLS	
85631	87249	CALLS	
85631	80294	CALLS	
85631	89022	CALLS	
52670	91663	CALLS	
52670	40275	CALLS	
119333	116587	CALLS	
28793	62279	CALLS	
28793	29738	CALLS	
44404	94298	CALLS	
44404	42910	CALLS	
16824	57527	CALLS	
16824	18185	CALLS	
35610	40579	CALLS	
35610	91967	CALLS	
24984	40275	CALLS	
24984	91663	CALLS	
119333	117288	CALLS	
57527	91663	CALLS	
57527	40275	CALLS	
16824	58488	CALLS	
16824	19146	CALLS	
44404	95542	CALLS	
44404	44346	CALLS	
52670	24460	CALLS	
52670	51854	CALLS	
74126	84107	CALLS	
74126	75383	CALLS	
85631	40495	CALLS	
85631	91883	CALLS	
16824	59164	CALLS	
16824	19822	CALLS	
28793	40275	CALLS	
28793	91663	CALLS	
40579	91663	CALLS	
40579	40275	CALLS	
85631	40275	CALLS	
85631	91663	CALLS	
52670	91663	CALLS	
52670	40275	CALLS	
119333	117288	CALLS	
44404	98828	CALLS	
44404	47632	CALLS	
57527	21073	CALLS	
57527	60415	CALLS	
16824	40275	CALLS	
16824	91663	CALLS	
40579	91663	CALLS	
40579	40275	CALLS	
68151	94408	CALLS	
68151	43020	CALLS	
119333	116587	CALLS	
78348	86808	CALLS	
78348	78080	CALLS	
24984	49339	CALLS	
24984	21945	CALLS	
85631	40275	CALLS	
85631	91663	CALLS	
24984	40275	CALLS	
24984	91663	CALLS	
68151	91663	CALLS	
68151	40275	CALLS	
21073	40360	CALLS	
21073	91748	CALLS	
85631	40320	CALLS	
85631	91708	CALLS	
16824	40275	CALLS	
16824	91663	CALLS	
28793	40275	CALLS	
28793	91663	CALLS	
85631	43140	CALLS	
85631	94528	CALLS	
21073	43655	CALLS	
21073	28318	CALLS	
24984	49339	CALLS	
24984	21945	CALLS	
40579	91967	CALLS	
49786	91663	CALLS	
49786	40275	CALLS	
78447	87076	CALLS	
78447	78348	CALLS	
24984	49339	CALLS	
24984	21945	CALLS	
16824	40275	CALLS	
16824	91663	CALLS	
106878	115666	CALLS	
106878	106949	CALLS	
35610	43020	CALLS	
35610	94408	CALLS	
78447	91883	CALLS	
78447	40495	CALLS	
44404	98828	CALLS	
44404	47632	CALLS	
24984	40275	CALLS	
24984	91663	CALLS	
85631	40275	CALLS	
85631	91663	CALLS	
70274	91663	CALLS	
70274	40275	CALLS	
119309	110237	CALLS	
119309	119895	CALLS	
119309	100122	CALLS	
119309	106378	CALLS	
119309	101855	CALLS	
119309	2003	CALLS	
119309	101412	CALLS	
119309	115034	CALLS	
119309	114219	CALLS	
119309	107378	CALLS	
119309	9292	CALLS	
119309	4102	CALLS	
119309	123800	CALLS	
119309	110594	CALLS	
119309	14064	CALLS	
119309	11439	CALLS	
119309	119333	CALLS	
35610	43020	CALLS	
35610	94408	CALLS	
40579	91967	CALLS	
85631	40520	CALLS	
85631	91908	CALLS	
57527	91663	CALLS	
57527	40275	CALLS	
35610	43020	CALLS	
35610	94408	CALLS	
98919	47632	CALLS	
98919	98828	CALLS	
35610	42948	CALLS	
35610	94336	CALLS	
49786	22284	CALLS	
49786	49678	CALLS	
24984	49339	CALLS	
24984	21945	CALLS	
33189	43020	CALLS	
33189	94408	CALLS	
78447	91663	CALLS	
78447	40275	CALLS	
35610	42910	CALLS	
35610	94298	CALLS	
24984	40275	CALLS	
24984	91663	CALLS	
33189	42948	CALLS	
33189	94336	CALLS	
70274	94336	CALLS	
70274	42948	CALLS	
57527	21073	CALLS	
57527	60415	CALLS	
74126	83901	CALLS	
74126	75177	CALLS	
44404	98828	CALLS	
44404	47632	CALLS	
70274	94298	CALLS	
70274	42910	CALLS	
98919	47632	CALLS	
98919	98828	CALLS	
85631	40275	CALLS	
85631	91663	CALLS	
90592	91663	CALLS	
90592	40275	CALLS	
25276	49678	CALLS	
25276	22284	CALLS	
70274	94374	CALLS	
70274	42986	CALLS	
78521	89141	CALLS	
78521	80413	CALLS	
57527	20241	CALLS	
57527	59583	CALLS	
70274	94374	CALLS	
70274	42986	CALLS	
16824	40275	CALLS	
16824	91663	CALLS	
70274	32579	CALLS	
70274	65120	CALLS	
57527	91663	CALLS	
57527	40275	CALLS	
44404	98828	CALLS	
44404	47632	CALLS	
78521	91663	CALLS	
78521	40275	CALLS	
33189	43020	CALLS	
33189	94408	CALLS	
70274	91663	CALLS	
70274	40275	CALLS	
25276	40275	CALLS	
25276	91663	CALLS	
57527	21073	CALLS	
57527	60415	CALLS	
4833	116587	CALLS	
25276	40275	CALLS	
25276	91663	CALLS	
70274	37733	CALLS	
16824	40275	CALLS	
16824	91663	CALLS	
85631	40275	CALLS	
85631	91663	CALLS	
33189	42986	CALLS	
33189	94374	CALLS	
57527	91663	CALLS	
57527	40275	CALLS	
49786	91663	CALLS	
49786	40275	CALLS	
52670	91663	CALLS	
52670	40275	CALLS	
16824	40320	CALLS	
16824	91708	CALLS	
85631	40320	CALLS	
85631	91708	CALLS	
57527	91708	CALLS	
57527	40320	CALLS	
25276	40520	CALLS	
25276	91908	CALLS	
4833	116883	CALLS	
52670	91908	CALLS	
52670	40520	CALLS	
16824	43140	CALLS	
16824	94528	CALLS	
33189	42910	CALLS	
33189	94298	CALLS	
57527	94528	CALLS	
57527	43140	CALLS	
85631	43140	CALLS	
85631	94528	CALLS	
78521	21823	CALLS	
78521	49217	CALLS	
81829	40275	CALLS	
81829	91663	CALLS	
70274	91663	CALLS	
70274	40275	CALLS	
35610	43020	CALLS	
35610	94408	CALLS	
40579	91926	CALLS	
40579	40538	CALLS	
49786	91663	CALLS	
49786	40275	CALLS	
16824	40372	CALLS	
16824	91760	CALLS	
33189	65120	CALLS	
33189	32579	CALLS	
57527	91663	CALLS	
57527	40275	CALLS	
4833	116856	CALLS	
16824	40275	CALLS	
16824	91663	CALLS	
98919	47723	CALLS	
86808	40320	CALLS	
86808	91708	CALLS	
4833	116587	CALLS	
74126	83901	CALLS	
74126	75177	CALLS	
111381	118109	CALLS	
25276	40275	CALLS	
25276	91663	CALLS	
44404	98828	CALLS	
44404	47632	CALLS	
40579	91663	CALLS	
40579	40275	CALLS	
49786	91663	CALLS	
49786	40275	CALLS	
70274	91663	CALLS	
70274	40275	CALLS	
98919	47632	CALLS	
98919	98828	CALLS	
16824	40275	CALLS	
16824	91663	CALLS	
57527	91663	CALLS	
57527	40275	CALLS	
78521	89036	CALLS	
78521	80308	CALLS	
78521	89045	CALLS	
78521	80317	CALLS	
86808	40275	CALLS	
86808	91663	CALLS	
21144	40520	CALLS	
21144	91908	CALLS	
98919	47632	CALLS	
98919	98828	CALLS	
98919	43140	CALLS	
98919	94528	CALLS	
44404	94336	CALLS	
44404	42948	CALLS	
52670	91663	CALLS	
52670	40275	CALLS	
4817	101935	CALLS	
4817	109038	CALLS	
4817	124082	CALLS	
4817	100594	CALLS	
4817	10009	CALLS	
4817	14572	CALLS	
4817	9096	CALLS	
4817	3365	CALLS	
4817	106676	CALLS	
4817	6818	CALLS	
4817	115919	CALLS	
4817	6211	CALLS	
4817	5816	CALLS	
4817	122179	CALLS	
4817	4833	CALLS	
16824	40275	CALLS	
16824	91663	CALLS	
52670	91663	CALLS	
52670	40275	CALLS	
25276	40275	CALLS	
25276	91663	CALLS	
90933	91663	CALLS	
90933	40275	CALLS	
35610	43020	CALLS	
35610	94408	CALLS	
86808	40320	CALLS	
86808	91708	CALLS	
57527	91663	CALLS	
57527	40275	CALLS	
4817	101935	CALLS	
4817	109038	CALLS	
4817	124082	CALLS	
4817	100594	CALLS	
4817	10009	CALLS	
4817	14572	CALLS	
4817	9096	CALLS	
4817	3365	CALLS	
4817	106676	CALLS	
4817	6818	CALLS	
4817	115919	CALLS	
4817	6211	CALLS	
4817	5816	CALLS	
4817	122179	CALLS	
4817	4833	CALLS	
25276	40275	CALLS	
25276	91663	CALLS	
62279	91663	CALLS	
62279	40275	CALLS	
86808	40275	CALLS	
86808	91663	CALLS	
70274	91663	CALLS	
70274	40275	CALLS	
25276	40520	CALLS	
25276	91908	CALLS	
35610	40275	CALLS	
35610	91663	CALLS	
57527	91663	CALLS	
57527	40275	CALLS	
62279	91663	CALLS	
62279	40275	CALLS	
86808	40520	CALLS	
86808	91908	CALLS	
62279	91908	CALLS	
62279	40520	CALLS	
17227	40275	CALLS	
17227	91663	CALLS	
90933	91663	CALLS	
90933	40275	CALLS	
13040	116856	CALLS	
40579	91926	CALLS	
40579	40538	CALLS	
44404	98828	CALLS	
44404	47632	CALLS	
37733	40275	CALLS	
37733	91663	CALLS	
86808	40320	CALLS	
86808	91708	CALLS	
98919	47632	CALLS	
98919	98828	CALLS	
70274	91663	CALLS	
70274	40275	CALLS	
107378	116587	CALLS	
44404	98828	CALLS	
44404	47632	CALLS	
78521	91663	CALLS	
78521	40275	CALLS	
62279	91663	CALLS	
62279	40275	CALLS	
40579	91967	CALLS	
52670	27669	CALLS	
52670	55063	CALLS	
86808	40275	CALLS	
86808	91663	CALLS	
119309	116856	CALLS	
37733	42948	CALLS	
37733	94336	CALLS	
107378	117228	CALLS	
70274	91663	CALLS	
70274	40275	CALLS	
62279	21823	CALLS	
62279	49217	CALLS	
17227	40275	CALLS	
17227	91663	CALLS	
9096	116587	CALLS	
49786	91663	CALLS	
49786	40275	CALLS	
37733	42910	CALLS	
37733	94298	CALLS	
107378	117246	CALLS	
49786	91908	CALLS	
49786	40520	CALLS	
57527	21073	CALLS	
57527	60415	CALLS	
9096	116856	CALLS	
37733	42986	CALLS	
37733	94374	CALLS	
95125	40275	CALLS	
95125	91663	CALLS	
52670	91663	CALLS	
52670	40275	CALLS	
123800	116587	CALLS	
25276	40275	CALLS	
25276	91663	CALLS	
49786	91663	CALLS	
49786	40275	CALLS	
107378	116587	CALLS	
44404	98828	CALLS	
44404	47632	CALLS	
37733	42986	CALLS	
37733	94374	CALLS	
74126	83901	CALLS	
74126	75177	CALLS	
9096	116587	CALLS	
21144	61187	CALLS	
21144	28646	CALLS	
115595	116856	CALLS	
123800	117228	CALLS	
70274	91663	CALLS	
70274	40275	CALLS	
119309	116883	CALLS	
52670	91663	CALLS	
52670	40275	CALLS	
37733	65120	CALLS	
37733	32579	CALLS	
49786	91663	CALLS	
49786	40275	CALLS	
86808	40320	CALLS	
86808	91708	CALLS	
57527	91663	CALLS	
57527	40275	CALLS	
123800	117246	CALLS	
37733	40275	CALLS	
37733	91663	CALLS	
49786	22284	CALLS	
49786	49678	CALLS	
90933	91663	CALLS	
90933	40275	CALLS	
98919	47723	CALLS	
70274	91663	CALLS	
70274	40275	CALLS	
123800	116587	CALLS	
44404	94408	CALLS	
44404	43020	CALLS	
95125	40275	CALLS	
95125	91663	CALLS	
37733	70274	CALLS	
57527	91663	CALLS	
57527	40275	CALLS	
78521	91908	CALLS	
78521	40520	CALLS	
86808	40275	CALLS	
86808	91663	CALLS	
49786	91908	CALLS	
49786	40520	CALLS	
98919	47632	CALLS	
98919	98828	CALLS	
95125	44043	CALLS	
95125	95239	CALLS	
115666	116587	CALLS	
98919	47632	CALLS	
98919	98828	CALLS	
37733	40275	CALLS	
37733	91663	CALLS	
107360	110237	CALLS	
107360	119895	CALLS	
107360	100122	CALLS	
107360	114219	CALLS	
107360	106378	CALLS	
107360	119333	CALLS	
107360	101855	CALLS	
107360	2003	CALLS	
107360	9292	CALLS	
107360	101412	CALLS	
107360	4102	CALLS	
107360	123800	CALLS	
107360	115034	CALLS	
107360	110594	CALLS	
107360	14064	CALLS	
107360	11439	CALLS	
107360	107378	CALLS	
70274	91807	CALLS	
70274	40419	CALLS	
90933	91663	CALLS	
90933	40275	CALLS	
98919	43140	CALLS	
98919	94528	CALLS	
57527	91663	CALLS	
57527	40275	CALLS	
95125	40275	CALLS	
95125	91663	CALLS	
78521	91708	CALLS	
78521	40320	CALLS	
86808	40275	CALLS	
86808	91663	CALLS	
70274	91663	CALLS	
70274	40275	CALLS	
107360	110237	CALLS	
107360	119895	CALLS	
107360	100122	CALLS	
107360	114219	CALLS	
107360	106378	CALLS	
107360	119333	CALLS	
107360	101855	CALLS	
107360	2003	CALLS	
107360	9292	CALLS	
107360	101412	CALLS	
107360	4102	CALLS	
107360	123800	CALLS	
107360	115034	CALLS	
107360	110594	CALLS	
107360	14064	CALLS	
107360	11439	CALLS	
107360	107378	CALLS	
95125	44043	CALLS	
95125	95239	CALLS	
8829	124082	CALLS	
8829	100594	CALLS	
8829	10009	CALLS	
8829	14572	CALLS	
8829	3365	CALLS	
8829	106676	CALLS	
8829	6818	CALLS	
8829	115919	CALLS	
8829	6211	CALLS	
8829	5816	CALLS	
8829	122179	CALLS	
8829	109038	CALLS	
8829	101935	CALLS	
8829	4833	CALLS	
8829	9096	CALLS	
78521	89307	CALLS	
78521	80579	CALLS	
86808	40320	CALLS	
86808	91708	CALLS	
44404	98828	CALLS	
44404	47632	CALLS	
57527	91663	CALLS	
57527	40275	CALLS	
37733	40275	CALLS	
37733	91663	CALLS	
21144	43929	CALLS	
21144	95125	CALLS	
62279	91708	CALLS	
62279	40320	CALLS	
8829	124082	CALLS	
8829	100594	CALLS	
8829	10009	CALLS	
8829	14572	CALLS	
8829	3365	CALLS	
8829	106676	CALLS	
8829	6818	CALLS	
8829	115919	CALLS	
8829	6211	CALLS	
8829	5816	CALLS	
8829	122179	CALLS	
8829	109038	CALLS	
8829	101935	CALLS	
8829	4833	CALLS	
8829	9096	CALLS	
115666	116587	CALLS	
86808	40275	CALLS	
86808	91663	CALLS	
123786	110237	CALLS	
123786	119895	CALLS	
123786	100122	CALLS	
123786	114219	CALLS	
123786	106378	CALLS	
123786	119333	CALLS	
123786	101855	CALLS	
123786	107378	CALLS	
123786	2003	CALLS	
123786	9292	CALLS	
123786	101412	CALLS	
123786	4102	CALLS	
123786	115034	CALLS	
123786	110594	CALLS	
123786	14064	CALLS	
123786	11439	CALLS	
123786	123800	CALLS	
86808	40520	CALLS	
86808	91908	CALLS	
74126	83901	CALLS	
74126	75177	CALLS	
17227	40275	CALLS	
17227	91663	CALLS	
25276	55063	CALLS	
25276	27669	CALLS	
87076	40275	CALLS	
87076	91663	CALLS	
70669	91663	CALLS	
70669	40275	CALLS	
62279	91663	CALLS	
62279	40275	CALLS	
78521	91908	CALLS	
78521	40520	CALLS	
44404	98828	CALLS	
44404	47632	CALLS	
52670	91663	CALLS	
52670	40275	CALLS	
29738	40275	CALLS	
29738	91663	CALLS	
62279	91908	CALLS	
62279	40520	CALLS	
37733	40275	CALLS	
37733	91663	CALLS	
87076	61187	CALLS	
87076	28646	CALLS	
95239	40520	CALLS	
95239	91908	CALLS	
44404	98828	CALLS	
44404	47632	CALLS	
98919	47632	CALLS	
98919	98828	CALLS	
78521	91883	CALLS	
78521	40495	CALLS	
95239	40275	CALLS	
95239	91663	CALLS	
90933	91908	CALLS	
90933	40520	CALLS	
29738	40275	CALLS	
29738	91663	CALLS	
25276	40275	CALLS	
25276	91663	CALLS	
52670	22070	CALLS	
52670	49464	CALLS	
62279	91663	CALLS	
62279	40275	CALLS	
70669	94336	CALLS	
70669	42948	CALLS	
29738	40520	CALLS	
29738	91908	CALLS	
90933	91663	CALLS	
90933	40275	CALLS	
44404	98828	CALLS	
44404	47632	CALLS	
57527	91663	CALLS	
57527	40275	CALLS	
95239	40275	CALLS	
95239	91663	CALLS	
78521	91663	CALLS	
78521	40275	CALLS	
57527	91708	CALLS	
57527	40320	CALLS	
70669	94298	CALLS	
70669	42910	CALLS	
57527	94528	CALLS	
57527	43140	CALLS	
95239	44151	CALLS	
95239	95347	CALLS	
25276	40275	CALLS	
25276	91663	CALLS	
70669	94374	CALLS	
70669	42986	CALLS	
82850	75383	CALLS	
82850	84107	CALLS	
95239	40275	CALLS	
95239	91663	CALLS	
9292	116587	CALLS	
57527	91663	CALLS	
57527	40275	CALLS	
37733	40275	CALLS	
37733	91663	CALLS	
78521	87710	CALLS	
78521	78982	CALLS	
98919	47632	CALLS	
98919	98828	CALLS	
49786	91663	CALLS	
49786	40275	CALLS	
66652	91663	CALLS	
66652	40275	CALLS	
70669	94374	CALLS	
70669	42986	CALLS	
119895	116587	CALLS	
52670	91663	CALLS	
52670	40275	CALLS	
9292	117228	CALLS	
29738	40275	CALLS	
29738	91663	CALLS	
66652	91708	CALLS	
66652	40320	CALLS	
70669	32579	CALLS	
70669	65120	CALLS	
66652	94528	CALLS	
66652	43140	CALLS	
78521	91908	CALLS	
78521	40520	CALLS	
119895	117228	CALLS	
9292	117246	CALLS	
37733	40275	CALLS	
37733	91663	CALLS	
58488	91663	CALLS	
58488	40275	CALLS	
29738	49217	CALLS	
29738	21823	CALLS	
87076	78080	CALLS	
87076	86808	CALLS	
70669	91663	CALLS	
70669	40275	CALLS	
98919	47632	CALLS	
98919	98828	CALLS	
62279	91663	CALLS	
62279	40275	CALLS	
119895	117246	CALLS	
9292	116587	CALLS	
52670	91663	CALLS	
52670	40275	CALLS	
70669	38128	CALLS	
78982	91663	CALLS	
78982	40275	CALLS	
119895	116587	CALLS	
25276	40275	CALLS	
25276	91663	CALLS	
115595	106949	CALLS	
115595	115666	CALLS	
98919	47632	CALLS	
98919	98828	CALLS	
49786	21945	CALLS	
49786	49339	CALLS	
37733	40275	CALLS	
37733	91663	CALLS	
70669	91663	CALLS	
70669	40275	CALLS	
78982	91708	CALLS	
78982	40320	CALLS	
87175	78348	CALLS	
87175	87076	CALLS	
78982	94528	CALLS	
78982	43140	CALLS	
87175	40495	CALLS	
87175	91883	CALLS	
66652	91663	CALLS	
66652	40275	CALLS	
44404	94374	CALLS	
44404	42986	CALLS	
40579	91663	CALLS	
40579	40275	CALLS	
58488	91663	CALLS	
58488	40275	CALLS	
119876	110237	CALLS	
119876	100122	CALLS	
119876	106378	CALLS	
119876	119333	CALLS	
119876	101855	CALLS	
119876	2003	CALLS	
119876	101412	CALLS	
119876	115034	CALLS	
119876	114219	CALLS	
119876	107378	CALLS	
119876	9292	CALLS	
119876	4102	CALLS	
119876	123800	CALLS	
119876	110594	CALLS	
119876	14064	CALLS	
119876	11439	CALLS	
119876	119895	CALLS	
49786	91663	CALLS	
49786	40275	CALLS	
78982	91908	CALLS	
78982	40520	CALLS	
37733	40275	CALLS	
37733	91663	CALLS	
66652	94374	CALLS	
66652	42986	CALLS	
99500	47723	CALLS	
99500	98919	CALLS	
25276	40275	CALLS	
25276	91663	CALLS	
49786	91663	CALLS	
49786	40275	CALLS	
70669	91663	CALLS	
70669	40275	CALLS	
62279	91663	CALLS	
62279	40275	CALLS	
932	118109	CALLS	
49786	91708	CALLS	
49786	40320	CALLS	
87175	40275	CALLS	
87175	91663	CALLS	
66652	94374	CALLS	
66652	42986	CALLS	
124082	116587	CALLS	
62279	91908	CALLS	
62279	40520	CALLS	
49786	94528	CALLS	
49786	43140	CALLS	
66652	91663	CALLS	
66652	40275	CALLS	
82850	75177	CALLS	
82850	83901	CALLS	
78982	91908	CALLS	
78982	40520	CALLS	
25276	40275	CALLS	
25276	91663	CALLS	
37733	40419	CALLS	
37733	91807	CALLS	
49786	91663	CALLS	
49786	40275	CALLS	
62279	91663	CALLS	
62279	40275	CALLS	
124082	116883	CALLS	
58488	91663	CALLS	
58488	40275	CALLS	
49786	91708	CALLS	
49786	40320	CALLS	
52670	23825	CALLS	
52670	51219	CALLS	
66652	91663	CALLS	
66652	40275	CALLS	
49786	94528	CALLS	
49786	43140	CALLS	
37733	40275	CALLS	
37733	91663	CALLS	
115919	116587	CALLS	
124082	116856	CALLS	
87249	80413	CALLS	
87249	89141	CALLS	
58488	91663	CALLS	
58488	40275	CALLS	
49786	21945	CALLS	
49786	49339	CALLS	
70669	91663	CALLS	
70669	40275	CALLS	
103585	116856	CALLS	
115919	116883	CALLS	
29738	40320	CALLS	
29738	91708	CALLS	
124082	116587	CALLS	
49786	21945	CALLS	
49786	49339	CALLS	
66652	32579	CALLS	
66652	65120	CALLS	
52670	91663	CALLS	
52670	40275	CALLS	
25276	40275	CALLS	
25276	91663	CALLS	
9278	85367	CALLS	
9278	76639	CALLS	
52670	91908	CALLS	
52670	40520	CALLS	
87249	40275	CALLS	
87249	91663	CALLS	
49786	21945	CALLS	
49786	49339	CALLS	
66652	91663	CALLS	
66652	40275	CALLS	
115919	116856	CALLS	
78982	91663	CALLS	
78982	40275	CALLS	
9278	85631	CALLS	
9278	76903	CALLS	
95347	40275	CALLS	
95347	91663	CALLS	
58488	91663	CALLS	
58488	40275	CALLS	
44404	98828	CALLS	
44404	47632	CALLS	
9278	110237	CALLS	
9278	119895	CALLS	
9278	100122	CALLS	
9278	114219	CALLS	
9278	106378	CALLS	
9278	119333	CALLS	
9278	101855	CALLS	
9278	107378	CALLS	
9278	2003	CALLS	
9278	101412	CALLS	
9278	4102	CALLS	
9278	123800	CALLS	
9278	115034	CALLS	
9278	110594	CALLS	
9278	14064	CALLS	
9278	11439	CALLS	
9278	9292	CALLS	
17227	40275	CALLS	
17227	91663	CALLS	
115919	116587	CALLS	
66652	91663	CALLS	
66652	40275	CALLS	
95347	40275	CALLS	
95347	91663	CALLS	
25276	40275	CALLS	
25276	91663	CALLS	
38128	40275	CALLS	
38128	91663	CALLS	
29738	40275	CALLS	
29738	91663	CALLS	
66652	91708	CALLS	
66652	40320	CALLS	
49786	21994	CALLS	
49786	49388	CALLS	
95347	40520	CALLS	
95347	91908	CALLS	
40579	91967	CALLS	
99500	48304	CALLS	
29738	40520	CALLS	
29738	91908	CALLS	
66652	94528	CALLS	
66652	43140	CALLS	
25276	40275	CALLS	
25276	91663	CALLS	
17227	40275	CALLS	
17227	91663	CALLS	
87249	49217	CALLS	
87249	21823	CALLS	
49786	21945	CALLS	
49786	49339	CALLS	
58488	91663	CALLS	
58488	40275	CALLS	
25276	40520	CALLS	
25276	91908	CALLS	
52670	91908	CALLS	
52670	40520	CALLS	
95347	40275	CALLS	
95347	91663	CALLS	
29738	40275	CALLS	
29738	91663	CALLS	
38128	42948	CALLS	
38128	94336	CALLS	
44404	98828	CALLS	
44404	47632	CALLS	
95347	40520	CALLS	
95347	91908	CALLS	
78982	91663	CALLS	
78982	40275	CALLS	
40579	91967	CALLS	
49786	21945	CALLS	
49786	49339	CALLS	
82850	75177	CALLS	
82850	83901	CALLS	
38128	42910	CALLS	
38128	94298	CALLS	
62279	91663	CALLS	
62279	40275	CALLS	
70669	91663	CALLS	
70669	40275	CALLS	
25276	40275	CALLS	
25276	91663	CALLS	
78982	81244	CALLS	
78982	72520	CALLS	
38128	42986	CALLS	
38128	94374	CALLS	
62279	91663	CALLS	
62279	40275	CALLS	
115907	124082	CALLS	
115907	100594	CALLS	
115907	10009	CALLS	
115907	14572	CALLS	
115907	9096	CALLS	
115907	3365	CALLS	
115907	106676	CALLS	
115907	6818	CALLS	
115907	6211	CALLS	
115907	5816	CALLS	
115907	122179	CALLS	
115907	115919	CALLS	
115907	109038	CALLS	
115907	101935	CALLS	
115907	4833	CALLS	
58488	91708	CALLS	
58488	40320	CALLS	
87249	80308	CALLS	
87249	89036	CALLS	
49786	91663	CALLS	
49786	40275	CALLS	
87249	80317	CALLS	
87249	89045	CALLS	
62279	91908	CALLS	
62279	40520	CALLS	
34111	40275	CALLS	
34111	91663	CALLS	
38128	42986	CALLS	
38128	94374	CALLS	
49786	21945	CALLS	
49786	49339	CALLS	
66652	91663	CALLS	
66652	40275	CALLS	
124072	100594	CALLS	
124072	10009	CALLS	
124072	14572	CALLS	
124072	9096	CALLS	
124072	3365	CALLS	
124072	106676	CALLS	
124072	6818	CALLS	
124072	115919	CALLS	
124072	6211	CALLS	
124072	5816	CALLS	
124072	122179	CALLS	
124072	124082	CALLS	
124072	109038	CALLS	
124072	101935	CALLS	
124072	4833	CALLS	
40579	91967	CALLS	
78982	91708	CALLS	
78982	40320	CALLS	
49786	21945	CALLS	
49786	49339	CALLS	
34111	40320	CALLS	
34111	91708	CALLS	
38128	65120	CALLS	
38128	32579	CALLS	
78982	91748	CALLS	
78982	40360	CALLS	
21823	40275	CALLS	
21823	91663	CALLS	
99655	47723	CALLS	
99655	98919	CALLS	
34111	43140	CALLS	
34111	94528	CALLS	
62279	91663	CALLS	
62279	40275	CALLS	
38128	40275	CALLS	
38128	91663	CALLS	
78982	91883	CALLS	
78982	40495	CALLS	
58488	91663	CALLS	
58488	40275	CALLS	
62279	91883	CALLS	
62279	40495	CALLS	
21823	40320	CALLS	
21823	91708	CALLS	
49786	91663	CALLS	
49786	40275	CALLS	
29738	40275	CALLS	
29738	91663	CALLS	
66652	91663	CALLS	
66652	40275	CALLS	
78982	91908	CALLS	
78982	40520	CALLS	
44404	95542	CALLS	
44404	44346	CALLS	
21823	43140	CALLS	
21823	94528	CALLS	
58488	21073	CALLS	
58488	60415	CALLS	
52670	91663	CALLS	
52670	40275	CALLS	
38128	70669	CALLS	
21823	49464	CALLS	
21823	22070	CALLS	
40579	91663	CALLS	
40579	40275	CALLS	
103777	116587	CALLS	
49786	21945	CALLS	
49786	49339	CALLS	
70669	91663	CALLS	
70669	40275	CALLS	
44404	98828	CALLS	
44404	47632	CALLS	
25276	40275	CALLS	
25276	91663	CALLS	
78982	83889	CALLS	
78982	75165	CALLS	
103777	117127	CALLS	
58488	91967	CALLS	
58488	40579	CALLS	
38128	40275	CALLS	
38128	91663	CALLS	
99655	42910	CALLS	
99655	94298	CALLS	
70669	91663	CALLS	
70669	40275	CALLS	
78982	83877	CALLS	
78982	75153	CALLS	
40579	91663	CALLS	
40579	40275	CALLS	
34111	40275	CALLS	
34111	91663	CALLS	
49786	21945	CALLS	
49786	49339	CALLS	
78982	83865	CALLS	
78982	75141	CALLS	
103777	117163	CALLS	
58488	91663	CALLS	
58488	40275	CALLS	
52670	91663	CALLS	
52670	40275	CALLS	
58488	91663	CALLS	
58488	40275	CALLS	
62837	91708	CALLS	
62837	40320	CALLS	
21823	49388	CALLS	
21823	21994	CALLS	
34111	42986	CALLS	
34111	94374	CALLS	
66652	91663	CALLS	
66652	40275	CALLS	
103777	116587	CALLS	
25276	40275	CALLS	
25276	91663	CALLS	
49786	21945	CALLS	
49786	49339	CALLS	
58488	91708	CALLS	
58488	40320	CALLS	
38128	40275	CALLS	
38128	91663	CALLS	
29738	40275	CALLS	
29738	91663	CALLS	
87249	40275	CALLS	
87249	91663	CALLS	
58488	94528	CALLS	
58488	43140	CALLS	
34111	42986	CALLS	
34111	94374	CALLS	
29738	40520	CALLS	
29738	91908	CALLS	
66652	91663	CALLS	
66652	40275	CALLS	
25276	40275	CALLS	
25276	91663	CALLS	
58488	91663	CALLS	
58488	40275	CALLS	
34111	40275	CALLS	
34111	91663	CALLS	
44404	98828	CALLS	
44404	47632	CALLS	
79269	91663	CALLS	
79269	40275	CALLS	
49786	21945	CALLS	
49786	49339	CALLS	
25276	40520	CALLS	
25276	91908	CALLS	
52670	91663	CALLS	
52670	40275	CALLS	
29738	40275	CALLS	
29738	91663	CALLS	
66652	91663	CALLS	
66652	40275	CALLS	
62837	91663	CALLS	
62837	40275	CALLS	
42394	91663	CALLS	
42394	40275	CALLS	
58488	91663	CALLS	
58488	40275	CALLS	
79269	91708	CALLS	
79269	40320	CALLS	
44404	98828	CALLS	
44404	47632	CALLS	
34111	40275	CALLS	
34111	91663	CALLS	
79269	94528	CALLS	
79269	43140	CALLS	
49786	21945	CALLS	
49786	49339	CALLS	
21945	40275	CALLS	
21945	91663	CALLS	
62837	95125	CALLS	
62837	43929	CALLS	
82850	75177	CALLS	
82850	83901	CALLS	
52670	91663	CALLS	
52670	40275	CALLS	
21945	40320	CALLS	
21945	91708	CALLS	
38128	40275	CALLS	
38128	91663	CALLS	
58488	91663	CALLS	
58488	40275	CALLS	
66652	91663	CALLS	
66652	40275	CALLS	
21945	43140	CALLS	
21945	94528	CALLS	
34111	65120	CALLS	
34111	32579	CALLS	
49786	21945	CALLS	
49786	49339	CALLS	
95600	42948	CALLS	
95600	94336	CALLS	
42394	91663	CALLS	
42394	40275	CALLS	
79316	91663	CALLS	
79316	40275	CALLS	
52670	91663	CALLS	
52670	40275	CALLS	
34111	40275	CALLS	
34111	91663	CALLS	
62837	91708	CALLS	
62837	40320	CALLS	
95600	42910	CALLS	
95600	94298	CALLS	
42394	91708	CALLS	
42394	40320	CALLS	
52670	91908	CALLS	
52670	40520	CALLS	
42394	94528	CALLS	
42394	43140	CALLS	
25276	40275	CALLS	
25276	91663	CALLS	
70669	91926	CALLS	
70669	40538	CALLS	
42394	91663	CALLS	
42394	40275	CALLS	
103765	121931	CALLS	
103765	103777	CALLS	
103765	8443	CALLS	
49786	21945	CALLS	
49786	49339	CALLS	
34111	40275	CALLS	
34111	91663	CALLS	
42394	91708	CALLS	
42394	40320	CALLS	
87249	40520	CALLS	
87249	91908	CALLS	
34111	40320	CALLS	
34111	91708	CALLS	
46536	94336	CALLS	
46536	42948	CALLS	
42394	94528	CALLS	
42394	43140	CALLS	
79344	91663	CALLS	
79344	40275	CALLS	
34111	43140	CALLS	
34111	94528	CALLS	
67051	91663	CALLS	
67051	40275	CALLS	
25276	40275	CALLS	
25276	91663	CALLS	
79344	91708	CALLS	
79344	40320	CALLS	
21994	40275	CALLS	
21994	91663	CALLS	
46536	94298	CALLS	
46536	42910	CALLS	
79344	94528	CALLS	
79344	43140	CALLS	
49786	21945	CALLS	
49786	49339	CALLS	
52670	91663	CALLS	
52670	40275	CALLS	
25276	40275	CALLS	
25276	91663	CALLS	
87249	40320	CALLS	
87249	91708	CALLS	
70669	35610	CALLS	
70669	68151	CALLS	
67051	91708	CALLS	
67051	40320	CALLS	
25276	40520	CALLS	
25276	91908	CALLS	
46536	98828	CALLS	
46536	47632	CALLS	
87249	80579	CALLS	
87249	89307	CALLS	
17227	40275	CALLS	
17227	91663	CALLS	
67051	94528	CALLS	
67051	43140	CALLS	
29738	40275	CALLS	
29738	91663	CALLS	
38128	40275	CALLS	
38128	91663	CALLS	
49786	21945	CALLS	
49786	49339	CALLS	
91663	40320	CALLS	
91663	91708	CALLS	
22031	40275	CALLS	
22031	91663	CALLS	
29738	40275	CALLS	
29738	91663	CALLS	
52670	91663	CALLS	
52670	40275	CALLS	
17227	40275	CALLS	
17227	91663	CALLS	
46536	98828	CALLS	
46536	47632	CALLS	
91663	43072	CALLS	
91663	94460	CALLS	
29738	40520	CALLS	
29738	91908	CALLS	
67051	91663	CALLS	
67051	40275	CALLS	
46536	94528	CALLS	
46536	43140	CALLS	
17227	40520	CALLS	
17227	91908	CALLS	
34111	40275	CALLS	
34111	91663	CALLS	
75177	91663	CALLS	
75177	40275	CALLS	
70669	91663	CALLS	
70669	40275	CALLS	
67051	91908	CALLS	
67051	40520	CALLS	
82850	75177	CALLS	
82850	83901	CALLS	
99815	47632	CALLS	
99815	98828	CALLS	
95600	43020	CALLS	
95600	94408	CALLS	
25276	40275	CALLS	
25276	91663	CALLS	
17975	40275	CALLS	
17975	91663	CALLS	
29738	40275	CALLS	
29738	91663	CALLS	
99815	40320	CALLS	
99815	91708	CALLS	
25276	40275	CALLS	
25276	91663	CALLS	
49786	91663	CALLS	
49786	40275	CALLS	
67051	32389	CALLS	
67051	64930	CALLS	
99815	43140	CALLS	
99815	94528	CALLS	
52670	91663	CALLS	
52670	40275	CALLS	
70669	91967	CALLS	
70669	40579	CALLS	
17975	56569	CALLS	
17975	17227	CALLS	
29738	40495	CALLS	
29738	91883	CALLS	
49786	21945	CALLS	
49786	49339	CALLS	
87249	40520	CALLS	
87249	91908	CALLS	
34111	40275	CALLS	
34111	91663	CALLS	
17975	40275	CALLS	
17975	91663	CALLS	
67051	91663	CALLS	
67051	40275	CALLS	
46536	98828	CALLS	
46536	47632	CALLS	
25276	40275	CALLS	
25276	91663	CALLS	
52670	91663	CALLS	
52670	40275	CALLS	
22070	40275	CALLS	
22070	91663	CALLS	
87249	40495	CALLS	
87249	91883	CALLS	
38128	40275	CALLS	
38128	91663	CALLS	
67051	91908	CALLS	
67051	40520	CALLS	
52670	91908	CALLS	
52670	40520	CALLS	
42394	91967	CALLS	
42394	40579	CALLS	
49786	91663	CALLS	
49786	40275	CALLS	
87249	40275	CALLS	
87249	91663	CALLS	
17975	40275	CALLS	
17975	91663	CALLS	
49786	21945	CALLS	
49786	49339	CALLS	
38128	40275	CALLS	
38128	91663	CALLS	
67051	91663	CALLS	
67051	40275	CALLS	
58488	91663	CALLS	
58488	40275	CALLS	
67051	91708	CALLS	
67051	40320	CALLS	
79455	91663	CALLS	
79455	40275	CALLS	
46536	98828	CALLS	
46536	47632	CALLS	
52670	91663	CALLS	
52670	40275	CALLS	
67051	94528	CALLS	
67051	43140	CALLS	
42394	91967	CALLS	
42394	40579	CALLS	
49786	91663	CALLS	
49786	40275	CALLS	
52670	91908	CALLS	
52670	40520	CALLS	
87249	78982	CALLS	
87249	87710	CALLS	
30296	40320	CALLS	
30296	91708	CALLS	
34111	40275	CALLS	
34111	91663	CALLS	
58488	91663	CALLS	
58488	40275	CALLS	
49786	21945	CALLS	
49786	49339	CALLS	
79455	91708	CALLS	
79455	40320	CALLS	
52670	91663	CALLS	
52670	40275	CALLS	
79455	94528	CALLS	
79455	43140	CALLS	
46536	98828	CALLS	
46536	47632	CALLS	
99922	47632	CALLS	
99922	98828	CALLS	
46536	94528	CALLS	
46536	43140	CALLS	
70669	35610	CALLS	
70669	68151	CALLS	
95600	42812	CALLS	
95600	94200	CALLS	
34111	40275	CALLS	
34111	91663	CALLS	
87249	40520	CALLS	
87249	91908	CALLS	
52670	91908	CALLS	
52670	40520	CALLS	
99922	40320	CALLS	
99922	91708	CALLS	
49786	91663	CALLS	
49786	40275	CALLS	
42394	91663	CALLS	
42394	40275	CALLS	
99922	43140	CALLS	
99922	94528	CALLS	
49786	21945	CALLS	
49786	49339	CALLS	
75383	91663	CALLS	
75383	40275	CALLS	
30296	40275	CALLS	
30296	91663	CALLS	
34111	40275	CALLS	
34111	91663	CALLS	
25276	40275	CALLS	
25276	91663	CALLS	
95600	42812	CALLS	
95600	94200	CALLS	
52670	91663	CALLS	
52670	40275	CALLS	
62837	94200	CALLS	
62837	42812	CALLS	
30296	43929	CALLS	
30296	95125	CALLS	
25276	40520	CALLS	
25276	91908	CALLS	
87710	40275	CALLS	
87710	91663	CALLS	
49786	91663	CALLS	
49786	40275	CALLS	
58488	91708	CALLS	
58488	40320	CALLS	
52670	91663	CALLS	
52670	40275	CALLS	
100005	42948	CALLS	
100005	94336	CALLS	
79531	91663	CALLS	
79531	40275	CALLS	
34111	40275	CALLS	
34111	91663	CALLS	
70669	35610	CALLS	
70669	68151	CALLS	
25276	49678	CALLS	
25276	22284	CALLS	
52670	91908	CALLS	
52670	40520	CALLS	
87710	40320	CALLS	
87710	91708	CALLS	
49786	21945	CALLS	
49786	49339	CALLS	
25276	40275	CALLS	
25276	91663	CALLS	
87710	43140	CALLS	
87710	94528	CALLS	
22070	49388	CALLS	
22070	21994	CALLS	
30296	40320	CALLS	
30296	91708	CALLS	
62837	94200	CALLS	
62837	42812	CALLS	
75383	91663	CALLS	
75383	40275	CALLS	
5816	116587	CALLS	
38128	40538	CALLS	
38128	91926	CALLS	
17975	60415	CALLS	
17975	21073	CALLS	
22070	49388	CALLS	
22070	21994	CALLS	
79559	91663	CALLS	
79559	40275	CALLS	
87710	40520	CALLS	
87710	91908	CALLS	
54983	21994	CALLS	
54983	49388	CALLS	
70669	91663	CALLS	
70669	40275	CALLS	
49786	21945	CALLS	
49786	49339	CALLS	
46801	94408	CALLS	
46801	43020	CALLS	
17975	60415	CALLS	
17975	21073	CALLS	
5816	116883	CALLS	
58488	93782	CALLS	
58488	42394	CALLS	
95600	47632	CALLS	
95600	98828	CALLS	
34510	40275	CALLS	
34510	91663	CALLS	
100005	47632	CALLS	
100005	98828	CALLS	
87710	40520	CALLS	
87710	91908	CALLS	
95600	40320	CALLS	
95600	91708	CALLS	
79587	91663	CALLS	
79587	40275	CALLS	
5816	116856	CALLS	
116123	118109	CALLS	
70669	91967	CALLS	
70669	40579	CALLS	
95600	43140	CALLS	
95600	94528	CALLS	
67051	91663	CALLS	
67051	40275	CALLS	
22070	51219	CALLS	
22070	23825	CALLS	
17975	59649	CALLS	
17975	20307	CALLS	
100005	40320	CALLS	
100005	91708	CALLS	
100005	43140	CALLS	
100005	94528	CALLS	
38128	68151	CALLS	
38128	35610	CALLS	
49786	91663	CALLS	
49786	40275	CALLS	
5816	116587	CALLS	
34510	40320	CALLS	
34510	91708	CALLS	
49786	21945	CALLS	
49786	49339	CALLS	
34510	43140	CALLS	
34510	94528	CALLS	
17975	40275	CALLS	
17975	91663	CALLS	
70669	91663	CALLS	
70669	40275	CALLS	
14064	116587	CALLS	
1464	118109	CALLS	
67051	91926	CALLS	
67051	40538	CALLS	
58488	93782	CALLS	
58488	42394	CALLS	
55017	21994	CALLS	
55017	49388	CALLS	
75383	91663	CALLS	
75383	40275	CALLS	
18185	40275	CALLS	
18185	91663	CALLS	
34510	40275	CALLS	
34510	91663	CALLS	
14064	117246	CALLS	
38128	40275	CALLS	
38128	91663	CALLS	
58488	91663	CALLS	
58488	40275	CALLS	
25276	40275	CALLS	
25276	91663	CALLS	
34510	40520	CALLS	
34510	91908	CALLS	
87710	40275	CALLS	
87710	91663	CALLS	
67051	91663	CALLS	
67051	40275	CALLS	
42724	94408	CALLS	
42724	43020	CALLS	
25276	40520	CALLS	
25276	91908	CALLS	
49786	21945	CALLS	
49786	49339	CALLS	
14064	116587	CALLS	
59164	91663	CALLS	
59164	40275	CALLS	
38128	40579	CALLS	
38128	91967	CALLS	
79638	88642	CALLS	
79638	79914	CALLS	
34510	64930	CALLS	
34510	32389	CALLS	
79638	91883	CALLS	
79638	40495	CALLS	
10009	116587	CALLS	
100122	116587	CALLS	
34510	40275	CALLS	
34510	91663	CALLS	
49786	21945	CALLS	
49786	49339	CALLS	
79638	91663	CALLS	
79638	40275	CALLS	
25276	40275	CALLS	
25276	91663	CALLS	
62837	91663	CALLS	
62837	40275	CALLS	
49786	91663	CALLS	
49786	40275	CALLS	
10009	116883	CALLS	
67051	91663	CALLS	
67051	40275	CALLS	
100122	117288	CALLS	
34510	40520	CALLS	
34510	91908	CALLS	
87710	40275	CALLS	
87710	91663	CALLS	
18185	40275	CALLS	
18185	91663	CALLS	
25276	51854	CALLS	
25276	24460	CALLS	
49786	91908	CALLS	
49786	40520	CALLS	
10009	116856	CALLS	
100122	117288	CALLS	
25276	40275	CALLS	
25276	91663	CALLS	
34510	40275	CALLS	
34510	91663	CALLS	
67051	91663	CALLS	
67051	40275	CALLS	
18185	40320	CALLS	
18185	91708	CALLS	
49786	91663	CALLS	
49786	40275	CALLS	
5804	124082	CALLS	
5804	100594	CALLS	
5804	10009	CALLS	
5804	14572	CALLS	
5804	9096	CALLS	
5804	3365	CALLS	
5804	106676	CALLS	
5804	6818	CALLS	
5804	115919	CALLS	
5804	6211	CALLS	
5804	122179	CALLS	
5804	109038	CALLS	
5804	101935	CALLS	
5804	4833	CALLS	
5804	5816	CALLS	
87710	72520	CALLS	
87710	81244	CALLS	
34510	40320	CALLS	
34510	91708	CALLS	
10009	116587	CALLS	
100122	116587	CALLS	
18185	43140	CALLS	
18185	94528	CALLS	
5804	124082	CALLS	
5804	100594	CALLS	
5804	10009	CALLS	
5804	14572	CALLS	
5804	9096	CALLS	
5804	3365	CALLS	
5804	106676	CALLS	
5804	6818	CALLS	
5804	115919	CALLS	
5804	6211	CALLS	
5804	122179	CALLS	
5804	109038	CALLS	
5804	101935	CALLS	
5804	4833	CALLS	
5804	5816	CALLS	
34510	43140	CALLS	
34510	94528	CALLS	
75383	91663	CALLS	
75383	40275	CALLS	
59164	91760	CALLS	
59164	40372	CALLS	
104241	117935	CALLS	
71445	94200	CALLS	
71445	42812	CALLS	
87710	40320	CALLS	
87710	91708	CALLS	
38128	68151	CALLS	
38128	35610	CALLS	
91967	40275	CALLS	
91967	91663	CALLS	
62837	91663	CALLS	
62837	40275	CALLS	
87710	40360	CALLS	
87710	91748	CALLS	
18185	40275	CALLS	
18185	91663	CALLS	
120637	117313	CALLS	
67051	91663	CALLS	
67051	40275	CALLS	
87710	40495	CALLS	
87710	91883	CALLS	
51044	91663	CALLS	
51044	40275	CALLS	
71445	94200	CALLS	
71445	42812	CALLS	
87710	40520	CALLS	
87710	91908	CALLS	
67051	34111	CALLS	
67051	66652	CALLS	
22392	40275	CALLS	
22392	91663	CALLS	
30296	42812	CALLS	
30296	94200	CALLS	
91967	40320	CALLS	
91967	91708	CALLS	
18185	40320	CALLS	
18185	91708	CALLS	
14019	110237	CALLS	
14019	119895	CALLS	
14019	100122	CALLS	
14019	114219	CALLS	
14019	106378	CALLS	
14019	119333	CALLS	
14019	101855	CALLS	
14019	107378	CALLS	
14019	2003	CALLS	
14019	9292	CALLS	
14019	101412	CALLS	
14019	4102	CALLS	
14019	123800	CALLS	
14019	115034	CALLS	
14019	110594	CALLS	
14019	11439	CALLS	
14019	14064	CALLS	
67051	91663	CALLS	
67051	40275	CALLS	
9997	10009	CALLS	
9997	124082	CALLS	
9997	100594	CALLS	
9997	14572	CALLS	
9997	9096	CALLS	
9997	3365	CALLS	
9997	106676	CALLS	
9997	6818	CALLS	
9997	115919	CALLS	
9997	6211	CALLS	
9997	5816	CALLS	
9997	122179	CALLS	
9997	109038	CALLS	
9997	101935	CALLS	
9997	4833	CALLS	
18185	43140	CALLS	
18185	94528	CALLS	
91967	43140	CALLS	
91967	94528	CALLS	
104241	117246	CALLS	
91967	40320	CALLS	
91967	91708	CALLS	
87710	75165	CALLS	
87710	83889	CALLS	
75383	91663	CALLS	
75383	40275	CALLS	
38128	68151	CALLS	
38128	35610	CALLS	
91967	43140	CALLS	
91967	94528	CALLS	
120637	117519	CALLS	
87710	75153	CALLS	
87710	83877	CALLS	
100110	110237	CALLS	
100110	119895	CALLS	
100110	106378	CALLS	
100110	119333	CALLS	
100110	101855	CALLS	
100110	2003	CALLS	
100110	101412	CALLS	
100110	115034	CALLS	
100110	114219	CALLS	
100110	107378	CALLS	
100110	9292	CALLS	
100110	4102	CALLS	
100110	123800	CALLS	
100110	110594	CALLS	
100110	14064	CALLS	
100110	11439	CALLS	
100110	100122	CALLS	
22392	49678	CALLS	
22392	22284	CALLS	
59164	20631	CALLS	
59164	59973	CALLS	
18185	40275	CALLS	
18185	91663	CALLS	
67051	91663	CALLS	
67051	40275	CALLS	
87710	75141	CALLS	
87710	83865	CALLS	
30296	42812	CALLS	
30296	94200	CALLS	
51044	22392	CALLS	
51044	49786	CALLS	
59164	20645	CALLS	
59164	59987	CALLS	
18185	60415	CALLS	
18185	21073	CALLS	
59164	20654	CALLS	
59164	59996	CALLS	
62837	91663	CALLS	
62837	40275	CALLS	
95600	42910	CALLS	
95600	94298	CALLS	
91967	40275	CALLS	
91967	91663	CALLS	
38128	40275	CALLS	
38128	91663	CALLS	
51044	24984	CALLS	
51044	52378	CALLS	
71445	94200	CALLS	
71445	42812	CALLS	
18185	40275	CALLS	
18185	91663	CALLS	
87997	40275	CALLS	
87997	91663	CALLS	
91967	40320	CALLS	
91967	91708	CALLS	
38128	40579	CALLS	
38128	91967	CALLS	
34510	40275	CALLS	
34510	91663	CALLS	
51044	25276	CALLS	
51044	52670	CALLS	
95600	42948	CALLS	
95600	94336	CALLS	
71445	94200	CALLS	
71445	42812	CALLS	
87997	40320	CALLS	
87997	91708	CALLS	
51044	91908	CALLS	
51044	40520	CALLS	
87997	43140	CALLS	
87997	94528	CALLS	
91967	40275	CALLS	
91967	91663	CALLS	
75383	91663	CALLS	
75383	40275	CALLS	
108124	108399	CALLS	
51044	91663	CALLS	
51044	40275	CALLS	
38128	40275	CALLS	
38128	91663	CALLS	
2003	116587	CALLS	
34510	40538	CALLS	
34510	91926	CALLS	
108124	117720	CALLS	
67051	91663	CALLS	
67051	40275	CALLS	
18185	40275	CALLS	
18185	91663	CALLS	
2003	117228	CALLS	
88044	40275	CALLS	
88044	91663	CALLS	
67051	35610	CALLS	
67051	68151	CALLS	
108124	108399	CALLS	
34510	40275	CALLS	
34510	91663	CALLS	
22392	40275	CALLS	
22392	91663	CALLS	
25276	40275	CALLS	
25276	91663	CALLS	
62837	94298	CALLS	
62837	42910	CALLS	
71445	94200	CALLS	
71445	42812	CALLS	
25276	40520	CALLS	
25276	91908	CALLS	
2003	117246	CALLS	
51182	23650	CALLS	
51182	51044	CALLS	
22392	40275	CALLS	
22392	91663	CALLS	
108124	117876	CALLS	
2003	116587	CALLS	
67051	91663	CALLS	
67051	40275	CALLS	
71445	94200	CALLS	
71445	42812	CALLS	
88072	40275	CALLS	
88072	91663	CALLS	
88072	40320	CALLS	
88072	91708	CALLS	
67051	35610	CALLS	
67051	68151	CALLS	
108124	108399	CALLS	
88072	43140	CALLS	
88072	94528	CALLS	
30296	40275	CALLS	
30296	91663	CALLS	
34510	40275	CALLS	
34510	91663	CALLS	
22392	40275	CALLS	
22392	91663	CALLS	
108124	108399	CALLS	
51219	91663	CALLS	
51219	40275	CALLS	
67051	91663	CALLS	
67051	40275	CALLS	
1991	110237	CALLS	
1991	119895	CALLS	
1991	100122	CALLS	
1991	106378	CALLS	
1991	119333	CALLS	
1991	101855	CALLS	
1991	101412	CALLS	
1991	115034	CALLS	
1991	114219	CALLS	
1991	107378	CALLS	
1991	9292	CALLS	
1991	4102	CALLS	
1991	123800	CALLS	
1991	110594	CALLS	
1991	14064	CALLS	
1991	11439	CALLS	
1991	2003	CALLS	
79914	91663	CALLS	
79914	40275	CALLS	
34510	40275	CALLS	
34510	91663	CALLS	
25276	40275	CALLS	
25276	91663	CALLS	
67051	35610	CALLS	
67051	68151	CALLS	
51219	91708	CALLS	
51219	40320	CALLS	
25276	40275	CALLS	
25276	91663	CALLS	
79914	91708	CALLS	
79914	40320	CALLS	
51219	94528	CALLS	
51219	43140	CALLS	
51219	91663	CALLS	
51219	40275	CALLS	
83901	40275	CALLS	
83901	91663	CALLS	
79914	94528	CALLS	
79914	43140	CALLS	
38904	42812	CALLS	
38904	94200	CALLS	
51219	91708	CALLS	
51219	40320	CALLS	
67051	91663	CALLS	
67051	40275	CALLS	
95600	47632	CALLS	
95600	98828	CALLS	
51219	94528	CALLS	
51219	43140	CALLS	
67051	91663	CALLS	
67051	40275	CALLS	
30296	40275	CALLS	
30296	91663	CALLS	
6211	116587	CALLS	
34510	40275	CALLS	
34510	91663	CALLS	
79914	91908	CALLS	
79914	40520	CALLS	
18185	40275	CALLS	
18185	91663	CALLS	
51219	21994	CALLS	
51219	49388	CALLS	
38904	42812	CALLS	
38904	94200	CALLS	
34510	66652	CALLS	
34510	34111	CALLS	
6211	116883	CALLS	
67679	91663	CALLS	
67679	40275	CALLS	
95600	47632	CALLS	
95600	98828	CALLS	
18185	40275	CALLS	
18185	91663	CALLS	
34510	40275	CALLS	
34510	91663	CALLS	
91967	40419	CALLS	
91967	91807	CALLS	
6211	116856	CALLS	
71759	94200	CALLS	
71759	42812	CALLS	
79914	87076	CALLS	
79914	78348	CALLS	
18185	40275	CALLS	
18185	91663	CALLS	
91967	40275	CALLS	
91967	91663	CALLS	
6211	116587	CALLS	
67679	91708	CALLS	
67679	40320	CALLS	
79914	91883	CALLS	
79914	40495	CALLS	
67679	94528	CALLS	
67679	43140	CALLS	
34510	40275	CALLS	
34510	91663	CALLS	
88183	40275	CALLS	
88183	91663	CALLS	
79914	91883	CALLS	
79914	40495	CALLS	
25276	55063	CALLS	
25276	27669	CALLS	
30296	40275	CALLS	
30296	91663	CALLS	
18185	40275	CALLS	
18185	91663	CALLS	
88183	40320	CALLS	
88183	91708	CALLS	
22392	40275	CALLS	
22392	91663	CALLS	
67679	91663	CALLS	
67679	40275	CALLS	
91967	40275	CALLS	
91967	91663	CALLS	
88183	43140	CALLS	
88183	94528	CALLS	
67679	91908	CALLS	
67679	40520	CALLS	
22392	40520	CALLS	
22392	91908	CALLS	
38904	42812	CALLS	
38904	94200	CALLS	
55405	91663	CALLS	
55405	40275	CALLS	
25276	40275	CALLS	
25276	91663	CALLS	
18185	60415	CALLS	
18185	21073	CALLS	
43175	94528	CALLS	
43175	43140	CALLS	
22392	40275	CALLS	
22392	91663	CALLS	
84107	40275	CALLS	
84107	91663	CALLS	
95600	47632	CALLS	
95600	98828	CALLS	
67679	32389	CALLS	
67679	64930	CALLS	
38904	42812	CALLS	
38904	94200	CALLS	
67679	91663	CALLS	
67679	40275	CALLS	
25276	40275	CALLS	
25276	91663	CALLS	
75383	91663	CALLS	
75383	40275	CALLS	
22392	40275	CALLS	
22392	91663	CALLS	
67679	91908	CALLS	
67679	40520	CALLS	
2175	116856	CALLS	
88259	40275	CALLS	
88259	91663	CALLS	
22392	49678	CALLS	
22392	22284	CALLS	
62837	91663	CALLS	
62837	40275	CALLS	
108617	118109	CALLS	
67679	91663	CALLS	
67679	40275	CALLS	
91967	40275	CALLS	
91967	91663	CALLS	
34510	40275	CALLS	
34510	91663	CALLS	
55405	91663	CALLS	
55405	40275	CALLS	
67679	91708	CALLS	
67679	40320	CALLS	
95600	44346	CALLS	
95600	95542	CALLS	
67679	94528	CALLS	
67679	43140	CALLS	
84107	40275	CALLS	
84107	91663	CALLS	
22392	40520	CALLS	
22392	91908	CALLS	
34510	68151	CALLS	
34510	35610	CALLS	
30296	42910	CALLS	
30296	94298	CALLS	
38904	42812	CALLS	
38904	94200	CALLS	
95600	47632	CALLS	
95600	98828	CALLS	
88287	40275	CALLS	
88287	91663	CALLS	
18185	40275	CALLS	
18185	91663	CALLS	
34510	40275	CALLS	
34510	91663	CALLS	
38904	42812	CALLS	
38904	94200	CALLS	
91967	40275	CALLS	
91967	91663	CALLS	
75383	91663	CALLS	
75383	40275	CALLS	
6197	124082	CALLS	
6197	100594	CALLS	
6197	10009	CALLS	
6197	14572	CALLS	
6197	9096	CALLS	
6197	106676	CALLS	
6197	115919	CALLS	
6197	5816	CALLS	
6197	122179	CALLS	
6197	6211	CALLS	
6197	109038	CALLS	
6197	101935	CALLS	
6197	4833	CALLS	
6197	3365	CALLS	
6197	6818	CALLS	
34510	68151	CALLS	
34510	35610	CALLS	
88315	40275	CALLS	
88315	91663	CALLS	
14572	116587	CALLS	
18185	60415	CALLS	
18185	21073	CALLS	
100594	116587	CALLS	
55405	91663	CALLS	
55405	40275	CALLS	
59649	91663	CALLS	
59649	40275	CALLS	
14572	116883	CALLS	
34510	40275	CALLS	
34510	91663	CALLS	
75383	83901	CALLS	
75383	75177	CALLS	
100594	116883	CALLS	
34510	68151	CALLS	
34510	35610	CALLS	
14572	116856	CALLS	
59649	91708	CALLS	
59649	40320	CALLS	
84107	40275	CALLS	
84107	91663	CALLS	
59649	94528	CALLS	
59649	43140	CALLS	
100594	116856	CALLS	
95600	47632	CALLS	
95600	98828	CALLS	
18185	59583	CALLS	
18185	20241	CALLS	
91967	40419	CALLS	
91967	91807	CALLS	
14572	116587	CALLS	
34510	40275	CALLS	
34510	91663	CALLS	
25276	40275	CALLS	
25276	91663	CALLS	
100594	116587	CALLS	
59649	91908	CALLS	
59649	40520	CALLS	
18185	40275	CALLS	
18185	91663	CALLS	
34510	40275	CALLS	
34510	91663	CALLS	
67679	91663	CALLS	
67679	40275	CALLS	
55405	91663	CALLS	
55405	40275	CALLS	
67679	91663	CALLS	
67679	40275	CALLS	
88366	79914	CALLS	
88366	88642	CALLS	
18185	60415	CALLS	
18185	21073	CALLS	
71899	38904	CALLS	
71899	71445	CALLS	
25276	49464	CALLS	
25276	22070	CALLS	
88366	40495	CALLS	
88366	91883	CALLS	
51219	21994	CALLS	
51219	49388	CALLS	
10539	116587	CALLS	
91967	40275	CALLS	
91967	91663	CALLS	
59649	91908	CALLS	
59649	40520	CALLS	
88366	40275	CALLS	
88366	91663	CALLS	
18185	40275	CALLS	
18185	91663	CALLS	
71899	39310	CALLS	
71899	71851	CALLS	
35138	40275	CALLS	
35138	91663	CALLS	
18185	40320	CALLS	
18185	91708	CALLS	
55405	91663	CALLS	
55405	40275	CALLS	
14560	14572	CALLS	
14560	124082	CALLS	
14560	100594	CALLS	
14560	10009	CALLS	
14560	9096	CALLS	
14560	3365	CALLS	
14560	106676	CALLS	
14560	6818	CALLS	
14560	115919	CALLS	
14560	6211	CALLS	
14560	5816	CALLS	
14560	122179	CALLS	
14560	109038	CALLS	
14560	101935	CALLS	
14560	4833	CALLS	
10539	116901	CALLS	
39218	42812	CALLS	
39218	94200	CALLS	
18185	43140	CALLS	
18185	94528	CALLS	
67679	91926	CALLS	
67679	40538	CALLS	
18185	40275	CALLS	
18185	91663	CALLS	
10539	116901	CALLS	
35138	40320	CALLS	
35138	91708	CALLS	
67679	91663	CALLS	
67679	40275	CALLS	
22392	40275	CALLS	
22392	91663	CALLS	
100582	124082	CALLS	
100582	10009	CALLS	
100582	14572	CALLS	
100582	9096	CALLS	
100582	3365	CALLS	
100582	106676	CALLS	
100582	6818	CALLS	
100582	115919	CALLS	
100582	6211	CALLS	
100582	5816	CALLS	
100582	122179	CALLS	
100582	100594	CALLS	
100582	109038	CALLS	
100582	101935	CALLS	
100582	4833	CALLS	
25276	40275	CALLS	
25276	91663	CALLS	
35138	43140	CALLS	
35138	94528	CALLS	
91967	40275	CALLS	
91967	91663	CALLS	
55405	91663	CALLS	
55405	40275	CALLS	
84107	40275	CALLS	
84107	91663	CALLS	
10539	116587	CALLS	
59649	91663	CALLS	
59649	40275	CALLS	
75383	83901	CALLS	
75383	75177	CALLS	
67679	91663	CALLS	
67679	40275	CALLS	
18185	40275	CALLS	
18185	91663	CALLS	
35138	40275	CALLS	
35138	91663	CALLS	
35138	40520	CALLS	
35138	91908	CALLS	
25276	40275	CALLS	
25276	91663	CALLS	
71899	38904	CALLS	
71899	71445	CALLS	
91967	40275	CALLS	
91967	91663	CALLS	
95600	47632	CALLS	
95600	98828	CALLS	
51219	91663	CALLS	
51219	40275	CALLS	
35138	64930	CALLS	
35138	32389	CALLS	
10517	2679	CALLS	
10517	10539	CALLS	
18185	40275	CALLS	
18185	91663	CALLS	
71899	39310	CALLS	
71899	71851	CALLS	
35138	40275	CALLS	
35138	91663	CALLS	
22392	49339	CALLS	
22392	21945	CALLS	
80272	88642	CALLS	
80272	79914	CALLS	
51219	91663	CALLS	
51219	40275	CALLS	
35138	40520	CALLS	
35138	91908	CALLS	
10517	2679	CALLS	
10517	10539	CALLS	
59649	91663	CALLS	
59649	40275	CALLS	
95600	42948	CALLS	
95600	94336	CALLS	
2426	117935	CALLS	
84107	40275	CALLS	
84107	91663	CALLS	
18185	40275	CALLS	
18185	91663	CALLS	
30296	40275	CALLS	
30296	91663	CALLS	
35138	40275	CALLS	
35138	91663	CALLS	
59649	81244	CALLS	
59649	72520	CALLS	
22392	40275	CALLS	
22392	91663	CALLS	
35138	40320	CALLS	
35138	91708	CALLS	
22392	40275	CALLS	
22392	91663	CALLS	
35138	43140	CALLS	
35138	94528	CALLS	
75383	91663	CALLS	
75383	40275	CALLS	
22392	40320	CALLS	
22392	91708	CALLS	
59649	91663	CALLS	
59649	40275	CALLS	
75383	91708	CALLS	
75383	40320	CALLS	
100746	116856	CALLS	
22392	43140	CALLS	
22392	94528	CALLS	
75383	94528	CALLS	
75383	43140	CALLS	
67679	91663	CALLS	
67679	40275	CALLS	
62837	91663	CALLS	
62837	40275	CALLS	
95600	47632	CALLS	
95600	98828	CALLS	
51651	21994	CALLS	
51651	49388	CALLS	
59649	91748	CALLS	
59649	40360	CALLS	
22392	40275	CALLS	
22392	91663	CALLS	
67679	35610	CALLS	
67679	68151	CALLS	
59649	91883	CALLS	
59649	40495	CALLS	
22392	40320	CALLS	
22392	91708	CALLS	
25276	51219	CALLS	
25276	23825	CALLS	
75383	91663	CALLS	
75383	40275	CALLS	
2426	117246	CALLS	
120940	118109	CALLS	
22392	43140	CALLS	
22392	94528	CALLS	
62837	94298	CALLS	
62837	42910	CALLS	
59649	21073	CALLS	
59649	60415	CALLS	
22392	49339	CALLS	
22392	21945	CALLS	
67679	91663	CALLS	
67679	40275	CALLS	
95600	47632	CALLS	
95600	98828	CALLS	
112763	118109	CALLS	
51674	21994	CALLS	
51674	49388	CALLS	
67679	35610	CALLS	
67679	68151	CALLS	
84107	40275	CALLS	
84107	91663	CALLS	
22392	49339	CALLS	
22392	21945	CALLS	
91967	40275	CALLS	
91967	91663	CALLS	
25276	40275	CALLS	
25276	91663	CALLS	
18185	60415	CALLS	
18185	21073	CALLS	
25276	40520	CALLS	
25276	91908	CALLS	
22392	49339	CALLS	
22392	21945	CALLS	
109038	116587	CALLS	
51674	21994	CALLS	
51674	49388	CALLS	
59649	91663	CALLS	
59649	40275	CALLS	
75383	83901	CALLS	
75383	75177	CALLS	
67679	91663	CALLS	
67679	40275	CALLS	
67679	35610	CALLS	
67679	68151	CALLS	
109038	116883	CALLS	
22392	49388	CALLS	
22392	21994	CALLS	
35138	40275	CALLS	
35138	91663	CALLS	
59649	91663	CALLS	
59649	40275	CALLS	
55804	91663	CALLS	
55804	40275	CALLS	
18185	40275	CALLS	
18185	91663	CALLS	
47632	91663	CALLS	
47632	40275	CALLS	
95600	47632	CALLS	
95600	98828	CALLS	
55804	91708	CALLS	
55804	40320	CALLS	
35138	40275	CALLS	
35138	91663	CALLS	
109038	116856	CALLS	
22392	49339	CALLS	
22392	21945	CALLS	
59649	83865	CALLS	
59649	75141	CALLS	
55804	94528	CALLS	
55804	43140	CALLS	
25276	40520	CALLS	
25276	91908	CALLS	
39358	71445	CALLS	
39358	38904	CALLS	
67679	91663	CALLS	
67679	40275	CALLS	
75383	91663	CALLS	
75383	40275	CALLS	
67679	91663	CALLS	
67679	40275	CALLS	
59649	83889	CALLS	
59649	75165	CALLS	
109038	116587	CALLS	
55804	91663	CALLS	
55804	40275	CALLS	
18185	40275	CALLS	
18185	91663	CALLS	
22392	49339	CALLS	
22392	21945	CALLS	
39358	71851	CALLS	
39358	39310	CALLS	
80413	91663	CALLS	
80413	40275	CALLS	
55804	91708	CALLS	
55804	40320	CALLS	
59649	83877	CALLS	
59649	75153	CALLS	
95600	42910	CALLS	
95600	94298	CALLS	
55804	94528	CALLS	
55804	43140	CALLS	
91967	40275	CALLS	
91967	91663	CALLS	
35138	40538	CALLS	
35138	91926	CALLS	
71899	94374	CALLS	
71899	42986	CALLS	
18185	40275	CALLS	
18185	91663	CALLS	
22392	40275	CALLS	
22392	91663	CALLS	
55804	91663	CALLS	
55804	40275	CALLS	
71899	94336	CALLS	
71899	42948	CALLS	
95600	44346	CALLS	
95600	95542	CALLS	
35138	40275	CALLS	
35138	91663	CALLS	
22392	49339	CALLS	
22392	21945	CALLS	
88642	40275	CALLS	
88642	91663	CALLS	
71899	94298	CALLS	
71899	42910	CALLS	
55804	91663	CALLS	
55804	40275	CALLS	
22392	49339	CALLS	
22392	21945	CALLS	
88642	40320	CALLS	
88642	91708	CALLS	
95600	47632	CALLS	
95600	98828	CALLS	
68151	91663	CALLS	
68151	40275	CALLS	
18185	40275	CALLS	
18185	91663	CALLS	
35138	40275	CALLS	
35138	91663	CALLS	
88642	43140	CALLS	
88642	94528	CALLS	
80413	91663	CALLS	
80413	40275	CALLS	
108996	101935	CALLS	
108996	124082	CALLS	
108996	100594	CALLS	
108996	10009	CALLS	
108996	14572	CALLS	
108996	9096	CALLS	
108996	3365	CALLS	
108996	106676	CALLS	
108996	6818	CALLS	
108996	115919	CALLS	
108996	4833	CALLS	
108996	6211	CALLS	
108996	5816	CALLS	
108996	122179	CALLS	
108996	109038	CALLS	
22392	40275	CALLS	
22392	91663	CALLS	
51740	21994	CALLS	
51740	49388	CALLS	
62837	91663	CALLS	
62837	40275	CALLS	
75383	83901	CALLS	
75383	75177	CALLS	
25276	40275	CALLS	
25276	91663	CALLS	
39358	71445	CALLS	
39358	38904	CALLS	
108996	101935	CALLS	
108996	124082	CALLS	
108996	100594	CALLS	
108996	10009	CALLS	
108996	14572	CALLS	
108996	9096	CALLS	
108996	3365	CALLS	
108996	106676	CALLS	
108996	6818	CALLS	
108996	115919	CALLS	
108996	4833	CALLS	
108996	6211	CALLS	
108996	5816	CALLS	
108996	122179	CALLS	
108996	109038	CALLS	
68151	91708	CALLS	
68151	40320	CALLS	
88642	40520	CALLS	
88642	91908	CALLS	
22392	49339	CALLS	
22392	21945	CALLS	
68151	94528	CALLS	
68151	43140	CALLS	
51740	91663	CALLS	
51740	40275	CALLS	
39358	71851	CALLS	
39358	39310	CALLS	
108996	101935	CALLS	
108996	124082	CALLS	
108996	100594	CALLS	
108996	10009	CALLS	
108996	14572	CALLS	
108996	9096	CALLS	
108996	3365	CALLS	
108996	106676	CALLS	
108996	6818	CALLS	
108996	115919	CALLS	
108996	4833	CALLS	
108996	6211	CALLS	
108996	5816	CALLS	
108996	122179	CALLS	
108996	109038	CALLS	
91967	40275	CALLS	
91967	91663	CALLS	
55804	91663	CALLS	
55804	40275	CALLS	
91967	40419	CALLS	
91967	91807	CALLS	
108996	101935	CALLS	
108996	124082	CALLS	
108996	100594	CALLS	
108996	10009	CALLS	
108996	14572	CALLS	
108996	9096	CALLS	
108996	3365	CALLS	
108996	106676	CALLS	
108996	6818	CALLS	
108996	115919	CALLS	
108996	4833	CALLS	
108996	6211	CALLS	
108996	5816	CALLS	
108996	122179	CALLS	
108996	109038	CALLS	
22392	49339	CALLS	
22392	21945	CALLS	
71899	94374	CALLS	
71899	42986	CALLS	
75383	91663	CALLS	
75383	40275	CALLS	
95600	47632	CALLS	
95600	98828	CALLS	
2679	116587	CALLS	
71899	94336	CALLS	
71899	42948	CALLS	
108996	101935	CALLS	
108996	124082	CALLS	
108996	100594	CALLS	
108996	10009	CALLS	
108996	14572	CALLS	
108996	9096	CALLS	
108996	3365	CALLS	
108996	106676	CALLS	
108996	6818	CALLS	
108996	115919	CALLS	
108996	4833	CALLS	
108996	6211	CALLS	
108996	5816	CALLS	
108996	122179	CALLS	
108996	109038	CALLS	
80413	91663	CALLS	
80413	40275	CALLS	
25276	40275	CALLS	
25276	91663	CALLS	
88642	78348	CALLS	
88642	87076	CALLS	
71899	94298	CALLS	
71899	42910	CALLS	
88642	40495	CALLS	
88642	91883	CALLS	
22392	49339	CALLS	
22392	21945	CALLS	
18185	40275	CALLS	
18185	91663	CALLS	
2679	116901	CALLS	
62837	94408	CALLS	
62837	43020	CALLS	
18185	40320	CALLS	
18185	91708	CALLS	
75383	91663	CALLS	
75383	40275	CALLS	
47723	98828	CALLS	
47723	47632	CALLS	
88642	40495	CALLS	
88642	91883	CALLS	
18185	43140	CALLS	
18185	94528	CALLS	
80413	91663	CALLS	
80413	40275	CALLS	
35138	40275	CALLS	
35138	91663	CALLS	
30296	40275	CALLS	
30296	91663	CALLS	
2679	116901	CALLS	
22392	49339	CALLS	
22392	21945	CALLS	
18185	40275	CALLS	
18185	91663	CALLS	
25276	40275	CALLS	
25276	91663	CALLS	
35138	68151	CALLS	
35138	35610	CALLS	
95600	47632	CALLS	
95600	98828	CALLS	
6818	116587	CALLS	
2679	116587	CALLS	
68151	91663	CALLS	
68151	40275	CALLS	
22392	49339	CALLS	
22392	21945	CALLS	
62837	91663	CALLS	
62837	40275	CALLS	
6818	116883	CALLS	
30296	42910	CALLS	
30296	94298	CALLS	
47723	98828	CALLS	
47723	47632	CALLS	
91967	40275	CALLS	
91967	91663	CALLS	
25276	40275	CALLS	
25276	91663	CALLS	
55804	91663	CALLS	
55804	40275	CALLS	
35138	40275	CALLS	
35138	91663	CALLS	
19146	40275	CALLS	
19146	91663	CALLS	
6818	116856	CALLS	
84107	40275	CALLS	
84107	91663	CALLS	
22392	49339	CALLS	
22392	21945	CALLS	
35138	68151	CALLS	
35138	35610	CALLS	
91967	40275	CALLS	
91967	91663	CALLS	
68151	91663	CALLS	
68151	40275	CALLS	
25276	40275	CALLS	
25276	91663	CALLS	
95600	47632	CALLS	
95600	98828	CALLS	
6818	116587	CALLS	
25276	40520	CALLS	
25276	91908	CALLS	
80579	91663	CALLS	
80579	40275	CALLS	
91967	40320	CALLS	
91967	91708	CALLS	
35138	40275	CALLS	
35138	91663	CALLS	
55804	91663	CALLS	
55804	40275	CALLS	
22392	49339	CALLS	
22392	21945	CALLS	
68151	91663	CALLS	
68151	40275	CALLS	
35138	68151	CALLS	
35138	35610	CALLS	
43711	91967	CALLS	
43711	40579	CALLS	
2661	10539	CALLS	
2661	2679	CALLS	
68151	91663	CALLS	
68151	40275	CALLS	
6804	124082	CALLS	
6804	100594	CALLS	
6804	10009	CALLS	
6804	14572	CALLS	
6804	9096	CALLS	
6804	106676	CALLS	
6804	115919	CALLS	
6804	5816	CALLS	
6804	122179	CALLS	
6804	6818	CALLS	
6804	109038	CALLS	
6804	101935	CALLS	
6804	4833	CALLS	
6804	3365	CALLS	
6804	6211	CALLS	
43711	91967	CALLS	
43711	40579	CALLS	
22392	49339	CALLS	
22392	21945	CALLS	
51932	91663	CALLS	
51932	40275	CALLS	
35138	40275	CALLS	
35138	91663	CALLS	
6804	117264	CALLS	
19146	40275	CALLS	
19146	91663	CALLS	
25276	40275	CALLS	
25276	91663	CALLS	
35138	40275	CALLS	
35138	91663	CALLS	
91967	40275	CALLS	
91967	91663	CALLS	
43711	91967	CALLS	
43711	40579	CALLS	
84107	40275	CALLS	
84107	91663	CALLS	
55804	91663	CALLS	
55804	40275	CALLS	
91967	40275	CALLS	
91967	91663	CALLS	
43711	91967	CALLS	
43711	40579	CALLS	
22392	49339	CALLS	
22392	21945	CALLS	
47723	98919	CALLS	
95600	47632	CALLS	
95600	98828	CALLS	
39358	42986	CALLS	
39358	94374	CALLS	
55804	91663	CALLS	
55804	40275	CALLS	
25276	40275	CALLS	
25276	91663	CALLS	
84107	75177	CALLS	
84107	83901	CALLS	
19146	40275	CALLS	
19146	91663	CALLS	
39358	42948	CALLS	
39358	94336	CALLS	
47723	98828	CALLS	
47723	47632	CALLS	
39358	42910	CALLS	
39358	94298	CALLS	
68151	91663	CALLS	
68151	40275	CALLS	
55804	28646	CALLS	
55804	61187	CALLS	
95600	42948	CALLS	
95600	94336	CALLS	
47723	98828	CALLS	
47723	47632	CALLS	
51932	91663	CALLS	
51932	40275	CALLS	
19146	40275	CALLS	
19146	91663	CALLS	
47723	94528	CALLS	
47723	43140	CALLS	
35610	40275	CALLS	
35610	91663	CALLS	
62837	94298	CALLS	
62837	42910	CALLS	
55804	91708	CALLS	
55804	40320	CALLS	
22392	40275	CALLS	
22392	91663	CALLS	
91967	40579	CALLS	
6804	124082	CALLS	
6804	100594	CALLS	
6804	10009	CALLS	
6804	14572	CALLS	
6804	9096	CALLS	
6804	106676	CALLS	
6804	115919	CALLS	
6804	5816	CALLS	
6804	122179	CALLS	
6804	6818	CALLS	
6804	109038	CALLS	
6804	101935	CALLS	
6804	4833	CALLS	
6804	3365	CALLS	
6804	6211	CALLS	
25276	40275	CALLS	
25276	91663	CALLS	
22392	49339	CALLS	
22392	21945	CALLS	
30296	40275	CALLS	
30296	91663	CALLS	
25276	40275	CALLS	
25276	91663	CALLS	
35610	40320	CALLS	
35610	91708	CALLS	
91967	40579	CALLS	
19146	40275	CALLS	
19146	91663	CALLS	
25276	40520	CALLS	
25276	91908	CALLS	
35610	43140	CALLS	
35610	94528	CALLS	
22392	40275	CALLS	
22392	91663	CALLS	
60048	91908	CALLS	
60048	40520	CALLS	
62837	94298	CALLS	
62837	42910	CALLS	
22392	49339	CALLS	
22392	21945	CALLS	
101205	116587	CALLS	
62837	91663	CALLS	
62837	40275	CALLS	
39358	42986	CALLS	
39358	94374	CALLS	
68151	91663	CALLS	
68151	40275	CALLS	
95600	47632	CALLS	
95600	98828	CALLS	
25276	40275	CALLS	
25276	91663	CALLS	
19146	40275	CALLS	
19146	91663	CALLS	
39358	42948	CALLS	
39358	94336	CALLS	
101205	116790	CALLS	
22392	40275	CALLS	
22392	91663	CALLS	
25276	40520	CALLS	
25276	91908	CALLS	
39358	42910	CALLS	
39358	94298	CALLS	
22392	49339	CALLS	
22392	21945	CALLS	
47723	98828	CALLS	
47723	47632	CALLS	
68151	94374	CALLS	
68151	42986	CALLS	
25276	40275	CALLS	
25276	91663	CALLS	
95600	47632	CALLS	
95600	98828	CALLS	
101205	116856	CALLS	
30296	43020	CALLS	
30296	94408	CALLS	
84107	75177	CALLS	
84107	83901	CALLS	
68151	94374	CALLS	
68151	42986	CALLS	
25276	40520	CALLS	
25276	91908	CALLS	
22392	40275	CALLS	
22392	91663	CALLS	
68151	91663	CALLS	
68151	40275	CALLS	
62837	91663	CALLS	
62837	40275	CALLS	
101205	116587	CALLS	
19146	40320	CALLS	
19146	91708	CALLS	
22392	49339	CALLS	
22392	21945	CALLS	
25276	40275	CALLS	
25276	91663	CALLS	
35610	40275	CALLS	
35610	91663	CALLS	
30296	40275	CALLS	
30296	91663	CALLS	
22392	40275	CALLS	
22392	91663	CALLS	
68151	91663	CALLS	
68151	40275	CALLS	
43929	91663	CALLS	
43929	40275	CALLS	
25276	40275	CALLS	
25276	91663	CALLS	
95600	47632	CALLS	
95600	98828	CALLS	
19146	40275	CALLS	
19146	91663	CALLS	
25276	40520	CALLS	
25276	91908	CALLS	
89000	79914	CALLS	
89000	88642	CALLS	
56166	91663	CALLS	
56166	40275	CALLS	
22392	49339	CALLS	
22392	21945	CALLS	
35610	40275	CALLS	
35610	91663	CALLS	
19146	60415	CALLS	
19146	21073	CALLS	
91967	40538	CALLS	
91967	91926	CALLS	
35610	40275	CALLS	
35610	91663	CALLS	
76639	91663	CALLS	
76639	40275	CALLS	
95600	43020	CALLS	
95600	94408	CALLS	
27589	49388	CALLS	
27589	21994	CALLS	
84107	40275	CALLS	
84107	91663	CALLS	
56166	91663	CALLS	
56166	40275	CALLS	
64440	91708	CALLS	
64440	40320	CALLS	
80579	91663	CALLS	
80579	40275	CALLS	
19146	40579	CALLS	
19146	91967	CALLS	
22392	49339	CALLS	
22392	21945	CALLS	
47723	98919	CALLS	
84107	40320	CALLS	
84107	91708	CALLS	
56166	17975	CALLS	
56166	57317	CALLS	
76639	91708	CALLS	
76639	40320	CALLS	
84107	43140	CALLS	
84107	94528	CALLS	
43929	91663	CALLS	
43929	40275	CALLS	
72520	91663	CALLS	
72520	40275	CALLS	
91967	40275	CALLS	
91967	91663	CALLS	
35610	40275	CALLS	
35610	91663	CALLS	
47723	98828	CALLS	
47723	47632	CALLS	
76639	94528	CALLS	
76639	43140	CALLS	
19146	40275	CALLS	
19146	91663	CALLS	
43929	95239	CALLS	
43929	44043	CALLS	
56166	18185	CALLS	
56166	57527	CALLS	
84107	40275	CALLS	
84107	91663	CALLS	
19146	40275	CALLS	
19146	91663	CALLS	
80579	91663	CALLS	
80579	40275	CALLS	
47723	98828	CALLS	
47723	47632	CALLS	
101193	7486	CALLS	
101193	3876	CALLS	
101193	101205	CALLS	
68151	94408	CALLS	
68151	43020	CALLS	
19146	40320	CALLS	
19146	91708	CALLS	
47723	94528	CALLS	
47723	43140	CALLS	
22392	40275	CALLS	
22392	91663	CALLS	
56166	19146	CALLS	
56166	58488	CALLS	
19146	43140	CALLS	
19146	94528	CALLS	
43929	91663	CALLS	
43929	40275	CALLS	
101193	7486	CALLS	
101193	3876	CALLS	
101193	101205	CALLS	
22392	49339	CALLS	
22392	21945	CALLS	
64440	91663	CALLS	
64440	40275	CALLS	
72520	91908	CALLS	
72520	40520	CALLS	
56166	19822	CALLS	
56166	59164	CALLS	
68151	91663	CALLS	
68151	40275	CALLS	
19146	40275	CALLS	
19146	91663	CALLS	
52201	21994	CALLS	
52201	49388	CALLS	
43929	95239	CALLS	
43929	44043	CALLS	
95600	47632	CALLS	
95600	98828	CALLS	
72520	91663	CALLS	
72520	40275	CALLS	
27623	49388	CALLS	
27623	21994	CALLS	
56166	91663	CALLS	
56166	40275	CALLS	
19146	40275	CALLS	
19146	91663	CALLS	
72520	91663	CALLS	
72520	40275	CALLS	
68151	91967	CALLS	
68151	40579	CALLS	
35610	40275	CALLS	
35610	91663	CALLS	
72520	91663	CALLS	
72520	40275	CALLS	
84107	75177	CALLS	
84107	83901	CALLS	
22392	49339	CALLS	
22392	21945	CALLS	
76639	91663	CALLS	
76639	40275	CALLS	
72520	91663	CALLS	
72520	40275	CALLS	
30296	42910	CALLS	
30296	94298	CALLS	
60415	91748	CALLS	
60415	40360	CALLS	
19146	40275	CALLS	
19146	91663	CALLS	
56166	91663	CALLS	
56166	40275	CALLS	
76639	86808	CALLS	
76639	78080	CALLS	
60415	28318	CALLS	
60415	43655	CALLS	
95600	47632	CALLS	
95600	98828	CALLS	
22392	49339	CALLS	
22392	21945	CALLS	
91967	40538	CALLS	
91967	91926	CALLS	
52201	91663	CALLS	
52201	40275	CALLS	
22392	40275	CALLS	
22392	91663	CALLS	
101412	116587	CALLS	
56166	91663	CALLS	
56166	40275	CALLS	
95600	47632	CALLS	
95600	98828	CALLS	
44043	91908	CALLS	
44043	40520	CALLS	
84107	40275	CALLS	
84107	91663	CALLS	
76639	91663	CALLS	
76639	40275	CALLS	
47723	98828	CALLS	
47723	47632	CALLS	
44043	91663	CALLS	
44043	40275	CALLS	
22392	40520	CALLS	
22392	91908	CALLS	
30296	42910	CALLS	
30296	94298	CALLS	
101412	117228	CALLS	
109239	109514	CALLS	
95600	47632	CALLS	
95600	98828	CALLS	
91967	40579	CALLS	
89141	40275	CALLS	
89141	91663	CALLS	
30296	40275	CALLS	
30296	91663	CALLS	
22392	40275	CALLS	
22392	91663	CALLS	
44043	91663	CALLS	
44043	40275	CALLS	
35610	40275	CALLS	
35610	91663	CALLS	
76639	91663	CALLS	
76639	40275	CALLS	
101412	117246	CALLS	
109239	117792	CALLS	
52201	91663	CALLS	
52201	40275	CALLS	
44043	95347	CALLS	
44043	44151	CALLS	
121931	117181	CALLS	
68151	91807	CALLS	
68151	40419	CALLS	
109239	109514	CALLS	
35610	42986	CALLS	
35610	94374	CALLS	
101412	116587	CALLS	
44043	91663	CALLS	
44043	40275	CALLS	
47723	98828	CALLS	
47723	47632	CALLS	
121931	117163	CALLS	
35610	42986	CALLS	
35610	94374	CALLS	
30296	40275	CALLS	
30296	91663	CALLS	
35610	40275	CALLS	
35610	91663	CALLS	
109239	117876	CALLS	
23650	40275	CALLS	
23650	91663	CALLS	
52201	91663	CALLS	
52201	40275	CALLS	
89141	40275	CALLS	
89141	91663	CALLS	
121931	117163	CALLS	
84107	75177	CALLS	
84107	83901	CALLS	
47723	98828	CALLS	
47723	47632	CALLS	
109239	109514	CALLS	
68151	32579	CALLS	
68151	65120	CALLS	
121931	117181	CALLS	
56166	91663	CALLS	
56166	40275	CALLS	
35610	40275	CALLS	
35610	91663	CALLS	
64635	91663	CALLS	
64635	40275	CALLS	
109239	109514	CALLS	
64635	91708	CALLS	
64635	40320	CALLS	
76903	91908	CALLS	
76903	40520	CALLS	
47723	98828	CALLS	
47723	47632	CALLS	
84107	40275	CALLS	
84107	91663	CALLS	
64635	94528	CALLS	
64635	43140	CALLS	
72520	91663	CALLS	
72520	40275	CALLS	
101398	110237	CALLS	
101398	119895	CALLS	
101398	100122	CALLS	
101398	106378	CALLS	
101398	119333	CALLS	
101398	101855	CALLS	
101398	2003	CALLS	
101398	115034	CALLS	
101398	114219	CALLS	
101398	107378	CALLS	
101398	9292	CALLS	
101398	4102	CALLS	
101398	123800	CALLS	
101398	110594	CALLS	
101398	14064	CALLS	
101398	11439	CALLS	
101398	101412	CALLS	
81051	40579	CALLS	
81051	91967	CALLS	
72520	91663	CALLS	
72520	40275	CALLS	
56166	91663	CALLS	
56166	40275	CALLS	
68151	94408	CALLS	
68151	43020	CALLS	
23650	49786	CALLS	
23650	22392	CALLS	
52378	28011	CALLS	
52378	55405	CALLS	
89141	40275	CALLS	
89141	91663	CALLS	
95600	42986	CALLS	
95600	94374	CALLS	
56166	91708	CALLS	
56166	40320	CALLS	
72520	91908	CALLS	
72520	40520	CALLS	
56166	94528	CALLS	
56166	43140	CALLS	
31899	40320	CALLS	
31899	91708	CALLS	
84107	40275	CALLS	
84107	91663	CALLS	
23650	52378	CALLS	
23650	24984	CALLS	
72520	91663	CALLS	
72520	40275	CALLS	
48304	98919	CALLS	
48304	47723	CALLS	
56166	91760	CALLS	
56166	40372	CALLS	
52378	24807	CALLS	
52378	52201	CALLS	
72520	91708	CALLS	
72520	40320	CALLS	
89141	40275	CALLS	
89141	91663	CALLS	
11439	116587	CALLS	
19146	40275	CALLS	
19146	91663	CALLS	
72520	94528	CALLS	
72520	43140	CALLS	
56166	91663	CALLS	
56166	40275	CALLS	
121919	103777	CALLS	
121919	8443	CALLS	
121919	121931	CALLS	
76903	91663	CALLS	
76903	40275	CALLS	
52378	22284	CALLS	
52378	49678	CALLS	
23650	52670	CALLS	
23650	25276	CALLS	
72520	91663	CALLS	
72520	40275	CALLS	
11439	117228	CALLS	
19146	40275	CALLS	
19146	91663	CALLS	
35610	43020	CALLS	
35610	94408	CALLS	
23650	40520	CALLS	
23650	91908	CALLS	
56166	91663	CALLS	
56166	40275	CALLS	
31899	40275	CALLS	
31899	91663	CALLS	
68151	94408	CALLS	
68151	43020	CALLS	
60486	91908	CALLS	
60486	40520	CALLS	
11439	117246	CALLS	
35610	40275	CALLS	
35610	91663	CALLS	
23650	40275	CALLS	
23650	91663	CALLS	
76903	91708	CALLS	
76903	40320	CALLS	
56166	91663	CALLS	
56166	40275	CALLS	
52378	91908	CALLS	
52378	40520	CALLS	
11439	116587	CALLS	
76903	94528	CALLS	
76903	43140	CALLS	
52378	91663	CALLS	
52378	40275	CALLS	
76903	91708	CALLS	
76903	40320	CALLS	
35610	40579	CALLS	
35610	91967	CALLS	
68151	91663	CALLS	
68151	40275	CALLS	
52378	91663	CALLS	
52378	40275	CALLS	
89307	40275	CALLS	
89307	91663	CALLS	
76903	94528	CALLS	
76903	43140	CALLS	
68151	91663	CALLS	
68151	40275	CALLS	
23788	51044	CALLS	
23788	23650	CALLS	
19146	40320	CALLS	
19146	91708	CALLS	
95600	47632	CALLS	
95600	98828	CALLS	
44151	91663	CALLS	
44151	40275	CALLS	
68151	91663	CALLS	
68151	40275	CALLS	
52378	22284	CALLS	
52378	49678	CALLS	
44151	91663	CALLS	
44151	40275	CALLS	
64744	91663	CALLS	
64744	40275	CALLS	
56569	91663	CALLS	
56569	40275	CALLS	
109798	109765	CALLS	
44151	91908	CALLS	
44151	40520	CALLS	
64744	91663	CALLS	
64744	40275	CALLS	
48304	99500	CALLS	
68151	94408	CALLS	
68151	43020	CALLS	
76903	87076	CALLS	
76903	78348	CALLS	
95600	47632	CALLS	
95600	98828	CALLS	
68151	91663	CALLS	
68151	40275	CALLS	
76903	91883	CALLS	
76903	40495	CALLS	
23825	40275	CALLS	
23825	91663	CALLS	
11421	110237	CALLS	
11421	119895	CALLS	
11421	100122	CALLS	
11421	114219	CALLS	
11421	106378	CALLS	
11421	119333	CALLS	
11421	101855	CALLS	
11421	107378	CALLS	
11421	2003	CALLS	
11421	9292	CALLS	
11421	101412	CALLS	
11421	4102	CALLS	
11421	123800	CALLS	
11421	115034	CALLS	
11421	110594	CALLS	
11421	14064	CALLS	
11421	11439	CALLS	
44151	91663	CALLS	
44151	40275	CALLS	
72520	91663	CALLS	
72520	40275	CALLS	
64744	91663	CALLS	
64744	40275	CALLS	
19146	42394	CALLS	
19146	93782	CALLS	
44151	91908	CALLS	
44151	40520	CALLS	
23825	40320	CALLS	
23825	91708	CALLS	
72520	84107	CALLS	
72520	75383	CALLS	
11421	110237	CALLS	
11421	119895	CALLS	
11421	100122	CALLS	
11421	114219	CALLS	
11421	106378	CALLS	
11421	119333	CALLS	
11421	101855	CALLS	
11421	107378	CALLS	
11421	2003	CALLS	
11421	9292	CALLS	
11421	101412	CALLS	
11421	4102	CALLS	
11421	123800	CALLS	
11421	115034	CALLS	
11421	110594	CALLS	
11421	14064	CALLS	
11421	11439	CALLS	
3365	117264	CALLS	
15664	15611	CALLS	
23825	43140	CALLS	
23825	94528	CALLS	
76903	87175	CALLS	
76903	78447	CALLS	
52378	91663	CALLS	
52378	40275	CALLS	
35610	40419	CALLS	
35610	91807	CALLS	
23825	40275	CALLS	
23825	91663	CALLS	
68151	94408	CALLS	
68151	43020	CALLS	
15664	15907	CALLS	
23825	40320	CALLS	
23825	91708	CALLS	
56569	91663	CALLS	
56569	40275	CALLS	
109749	109798	CALLS	
76903	91663	CALLS	
76903	40275	CALLS	
3365	117264	CALLS	
23825	43140	CALLS	
23825	94528	CALLS	
76903	91708	CALLS	
76903	40320	CALLS	
7486	117264	CALLS	
68151	91663	CALLS	
68151	40275	CALLS	
122179	116587	CALLS	
64744	91663	CALLS	
64744	40275	CALLS	
76903	94528	CALLS	
76903	43140	CALLS	
19146	42394	CALLS	
19146	93782	CALLS	
3365	117264	CALLS	
23825	49388	CALLS	
23825	21994	CALLS	
48459	98919	CALLS	
48459	47723	CALLS	
72520	91663	CALLS	
72520	40275	CALLS	
7486	117264	CALLS	
122179	116883	CALLS	
40275	91708	CALLS	
40275	40320	CALLS	
95600	44346	CALLS	
95600	95542	CALLS	
19146	40275	CALLS	
19146	91663	CALLS	
60486	28646	CALLS	
60486	61187	CALLS	
52378	21945	CALLS	
52378	49339	CALLS	
68151	91967	CALLS	
68151	40579	CALLS	
35610	65120	CALLS	
35610	32579	CALLS	
3365	117264	CALLS	
40275	94460	CALLS	
40275	43072	CALLS	
91967	40275	CALLS	
91967	91663	CALLS	
122179	116856	CALLS	
19822	40275	CALLS	
19822	91663	CALLS	
32094	40275	CALLS	
32094	91663	CALLS	
52378	91663	CALLS	
52378	40275	CALLS	
7486	117264	CALLS	
95600	47632	CALLS	
95600	98828	CALLS	
15664	15636	CALLS	
32094	40320	CALLS	
32094	91708	CALLS	
122179	116587	CALLS	
68151	91967	CALLS	
68151	40579	CALLS	
52378	21945	CALLS	
52378	49339	CALLS	
15664	16162	CALLS	
72520	91663	CALLS	
72520	40275	CALLS	
3339	124082	CALLS	
3339	100594	CALLS	
3339	10009	CALLS	
3339	14572	CALLS	
3339	9096	CALLS	
3339	106676	CALLS	
3339	115919	CALLS	
3339	5816	CALLS	
3339	122179	CALLS	
3339	3365	CALLS	
3339	109038	CALLS	
3339	101935	CALLS	
3339	4833	CALLS	
3339	6818	CALLS	
3339	6211	CALLS	
7486	117264	CALLS	
32094	43140	CALLS	
32094	94528	CALLS	
48459	94298	CALLS	
48459	42910	CALLS	
72520	91908	CALLS	
72520	40520	CALLS	
52378	21945	CALLS	
52378	49339	CALLS	
35610	43020	CALLS	
35610	94408	CALLS	
64744	91663	CALLS	
64744	40275	CALLS	
52378	91663	CALLS	
52378	40275	CALLS	
15664	15636	CALLS	
7460	3876	CALLS	
7460	101205	CALLS	
7460	7486	CALLS	
28011	40275	CALLS	
28011	91663	CALLS	
15664	16162	CALLS	
52378	21945	CALLS	
52378	49339	CALLS	
95600	47632	CALLS	
95600	98828	CALLS	
52378	91663	CALLS	
52378	40275	CALLS	
19822	40372	CALLS	
19822	91760	CALLS	
95600	47632	CALLS	
95600	98828	CALLS	
60486	95125	CALLS	
60486	43929	CALLS	
35610	43020	CALLS	
35610	94408	CALLS	
52670	22284	CALLS	
52670	49678	CALLS	
56569	91663	CALLS	
56569	40275	CALLS	
28011	40275	CALLS	
28011	91663	CALLS	
91967	40579	CALLS	
15664	15636	CALLS	
35610	40275	CALLS	
35610	91663	CALLS	
44404	94336	CALLS	
44404	42948	CALLS	
122167	106676	CALLS	
122167	124082	CALLS	
122167	100594	CALLS	
122167	10009	CALLS	
122167	14572	CALLS	
122167	9096	CALLS	
122167	3365	CALLS	
122167	6818	CALLS	
122167	115919	CALLS	
122167	6211	CALLS	
122167	5816	CALLS	
122167	109038	CALLS	
122167	101935	CALLS	
122167	4833	CALLS	
122167	122179	CALLS	
35610	40275	CALLS	
35610	91663	CALLS	
44404	94298	CALLS	
44404	42910	CALLS	
122167	106676	CALLS	
122167	124082	CALLS	
122167	100594	CALLS	
122167	10009	CALLS	
122167	14572	CALLS	
122167	9096	CALLS	
122167	3365	CALLS	
122167	6818	CALLS	
122167	115919	CALLS	
122167	6211	CALLS	
122167	5816	CALLS	
122167	109038	CALLS	
122167	101935	CALLS	
122167	4833	CALLS	
122167	122179	CALLS	
85367	40275	CALLS	
85367	91663	CALLS	
15664	15636	CALLS	
91967	40579	CALLS	
76903	91663	CALLS	
76903	40275	CALLS	
89307	40275	CALLS	
89307	91663	CALLS	
35610	40275	CALLS	
35610	91663	CALLS	
68151	91663	CALLS	
68151	40275	CALLS	
52670	91663	CALLS	
52670	40275	CALLS	
97732	42948	CALLS	
97732	94336	CALLS	
32203	40275	CALLS	
32203	91663	CALLS	
101855	116587	CALLS	
19822	59973	CALLS	
19822	20631	CALLS	
81244	40275	CALLS	
81244	91663	CALLS	
85367	40320	CALLS	
85367	91708	CALLS	
15664	16162	CALLS	
68151	91663	CALLS	
68151	40275	CALLS	
52670	91663	CALLS	
52670	40275	CALLS	
32203	40275	CALLS	
32203	91663	CALLS	
35610	43020	CALLS	
35610	94408	CALLS	
85367	43140	CALLS	
85367	94528	CALLS	
19822	59987	CALLS	
19822	20645	CALLS	
97732	42910	CALLS	
97732	94298	CALLS	
68151	91663	CALLS	
68151	40275	CALLS	
101855	117228	CALLS	
76903	91663	CALLS	
76903	40275	CALLS	
52670	91908	CALLS	
52670	40520	CALLS	
89307	40275	CALLS	
89307	91663	CALLS	
28011	40275	CALLS	
28011	91663	CALLS	
19822	59996	CALLS	
19822	20654	CALLS	
35610	40275	CALLS	
35610	91663	CALLS	
91967	40579	CALLS	
81244	40520	CALLS	
81244	91908	CALLS	
101855	117264	CALLS	
15664	15636	CALLS	
97732	47632	CALLS	
97732	98828	CALLS	
32203	40275	CALLS	
32203	91663	CALLS	
68151	32579	CALLS	
68151	65120	CALLS	
81244	40275	CALLS	
81244	91663	CALLS	
101855	116587	CALLS	
81244	40275	CALLS	
81244	91663	CALLS	
68151	91908	CALLS	
68151	40520	CALLS	
52670	91663	CALLS	
52670	40275	CALLS	
76903	91663	CALLS	
76903	40275	CALLS	
122384	116587	CALLS	
97732	47632	CALLS	
97732	98828	CALLS	
35610	43020	CALLS	
35610	94408	CALLS	
9